"","baseMean","log2FoldChange","lfcSE","stat","pvalue","padj"
"WT1",5.19132330449207,-2.53584340092063,0.780419282302821,-3.24933463129972,0.00115675313627075,NA
"FSTL5",4.83843837291308,-2.42970921891409,1.13773981229879,-2.13555787768813,0.0327154678763665,NA
"ARHGEF4",28.7886151796056,-2.41709468293817,0.59200920602532,-4.08286671615507,4.44835381502985e-05,0.0210585069603513
"EPB42",3.37148055121597,-2.37958292451591,0.808378589195826,-2.94364912223011,0.00324367514984384,NA
"MUC16",14.2099656327674,-2.20536409099992,0.642065405257844,-3.43479663121591,0.000592998671843303,0.0616890035455598
"CIDEA",9.7141287311082,-2.17510355252871,1.00042009499363,-2.17419018611632,0.0296908550992635,0.316568711801607
"LOC100190940",16.2749882037566,-2.16918073204303,0.607335033479217,-3.57163774929388,0.000354755877291893,0.0514860387305344
"AK127124",6.13691947101765,-2.11922806980141,0.952533220135185,-2.22483376432861,0.0260923998392577,NA
"NOX5",12.2311267941776,-2.00394024065919,0.648264569756382,-3.09123826003983,0.00199323624499734,0.100688815071222
"SPINK1",162.332864571806,-1.97351111068528,0.883056678384159,-2.23486346798992,0.0254263135627833,0.303740871969543
"IGHG1",5.07538618419707,-1.94884010387627,0.793638124445694,-2.45557772975865,0.0140658329835267,NA
"BC016143",132.779047947038,-1.80758073384737,0.576891881782776,-3.13330936164569,0.00172847159119005,0.0945183029519076
"ITLN1",517.383481975299,-1.67539158983661,0.534378420886119,-3.13521565309174,0.00171727819214995,0.0942171601514324
"CYP1A1",1198.7333572878,-1.67282686546614,0.532479762713913,-3.14157829574624,0.00168039872789366,0.0928084217415671
"DQ574721",53.1821198527585,-1.61355574994588,0.820858245414184,-1.96569353960954,0.0493340215370466,0.381103726303381
"BC137484",16.783580008948,-1.53562603144607,0.777354915237994,-1.97545033979225,0.0482170649038683,0.377021495229917
"C10orf62",12.1589975139349,-1.51169575161343,0.393445796193696,-3.84219571345784,0.000121938540327337,0.033673327911394
"PTH2R",21.5245999995499,-1.44564279743466,0.549320807230464,-2.63169131481332,0.00849610173798651,0.189719554847303
"CCDC162P",46.0916622207217,-1.44149690705603,0.604565895112902,-2.38435035569916,0.0171093048667661,0.259327388235356
"SLC25A48",4.50807582022306,-1.43608090821255,0.546783719073683,-2.6264149024873,0.00862895656997141,NA
"AX748380",443.8628317628,-1.41035415734854,0.380718189726184,-3.70445698526482,0.000211844050726516,0.0450553924541506
"UPK3B",25.8804671440576,-1.39613427650798,0.545866452743164,-2.55764806481867,0.0105382684306988,0.207867344795534
"MT1DP",112.54413992383,-1.39168740249312,0.491766163363609,-2.82997795735717,0.00465512111920304,0.148090745225218
"BC144457",24.4057850898467,-1.38628538567755,0.280842092890502,-4.93617381714232,7.96701082456187e-07,0.00146672669280184
"MSLN",17.1631216991064,-1.3683860543189,0.679988884109811,-2.01236532875134,0.0441814405114376,0.363853017734809
"APLN",13.2860599826998,-1.35743232769194,0.461729997720235,-2.93988333960146,0.0032833584274269,0.125858996692182
"AK128346",98.1132682953979,-1.35559492717264,0.242021562757754,-5.60113285661861,2.1295543492216e-08,0.000176422930061263
"ALOX15",15.6611944637477,-1.35555925441668,0.442300504247218,-3.06479246892064,0.00217821085590136,0.105127395742706
"BNC1",22.1561609642369,-1.33147090085054,0.405508290838613,-3.28346159852117,0.00102540613891107,0.0763140791749221
"CLEC18B",9.27510454670587,-1.31002570029011,0.327811815733731,-3.9962735856788,6.43473656974412e-05,0.0267014640926307
"CES1P1",470.334866137835,-1.30463294994214,0.613772030386018,-2.12559856975174,0.0335366988114128,0.331582554113403
"LHX9",17.6475070534203,-1.30222925439062,0.542203827862779,-2.401733789899,0.0163175784078509,0.256028368030002
"LINC00277",7.62437077631788,-1.2963897619407,0.484983688108082,-2.67305848367377,0.00751631454042224,0.181807030102564
"AK093256",16.3928607300347,-1.24858076348047,0.364701439519903,-3.42356960565912,0.000618044214410219,0.0616890035455598
"LINC00940",18.1009661954934,-1.22120064658189,0.46592168411522,-2.62104273790334,0.00876612717680163,0.19081769889175
"SLC5A11",27.2114927529457,-1.19830212680144,0.461055777436072,-2.59903939055963,0.00934850451581704,0.197570626686955
"RSPO1",8.34055098144093,-1.17552205640522,0.571209518125879,-2.05795250097035,0.039594693227946,0.348195306313346
"UPP2",1393.81557121442,-1.15256633885306,0.435886673544373,-2.64418806264727,0.00818871452411827,0.187143187517401
"MT1M",1922.89745472354,-1.14974006199457,0.365500730537279,-3.14565735697566,0.0016571402330184,0.0926089457754935
"BX538274",11.3297823198811,-1.13745205453498,0.44833010946997,-2.53708602324236,0.011177948350897,0.212770705706189
"BC015433",41.3192026164233,-1.1359896716856,0.509808644313914,-2.22826679060019,0.0258627295012303,0.305881808594373
"LOC399753",23.908888968312,-1.12948367990904,0.478216248762868,-2.36186805201827,0.0181831126828431,0.264081005801498
"MT1JP",72.4041158998696,-1.12039068267413,0.441779536945628,-2.53608551093217,0.0112099357694449,0.212770705706189
"PPP1R3G",50.477372684419,-1.10867204612649,0.325484339856204,-3.40622239034999,0.000658685004932031,0.0634520456204583
"C6orf185",58.1083311008461,-1.09251641092073,0.554992613159332,-1.96852423801014,0.0490077501012603,0.380247467569822
"C21orf15",14.853246419036,-1.08796349170943,0.506909672278766,-2.14626698050285,0.0318516843875924,0.326174634498157
"DQ590432",4.99579895472185,-1.08181934014849,0.501339866017988,-2.15785620389836,0.0309390134940366,NA
"GNMT",6464.68071202131,-1.07521177714672,0.27060421089796,-3.97337415252628,7.08616054502361e-05,0.0267014640926307
"LOC100288974",70.911899694867,-1.07162564777488,0.224777431269133,-4.76749663755961,1.86529107416604e-06,0.00309060078078571
"CYP3A43",3177.44102652629,-1.07116677857201,0.250946377751541,-4.26850862789725,1.96784217598687e-05,0.0116447060764023
"KIF25",18.1224692055656,-1.05572652430009,0.416044565460811,-2.53753230289348,0.0111637064900634,0.212770705706189
"AK056618",9.48788602696085,-1.05190134490073,0.29234214019271,-3.59818582503133,0.000320444639308075,0.0511967960555846
"EFCAB12",41.1434273379448,-1.04543498303964,0.34080467930116,-3.06754879417549,0.00215822222257822,0.105127395742706
"MIR30C2",4.8738511176877,-1.03433578000024,0.447616666580942,-2.31076243854115,0.0208459802905195,NA
"TPGS1",6.40358546277511,-1.02781630323978,0.4453945406196,-2.3076535734137,0.021018412231301,NA
"C20orf62",15.6473057492272,-1.02109038991353,0.322295593616233,-3.1681798018293,0.0015339661919159,0.0901286731696971
"CTAGE4",11.6645712772396,-1.00929596121777,0.487564717946298,-2.07007587724782,0.0384452394676301,0.344883147124615
"MT1L",275.277027904402,-0.998715677659006,0.399063759916806,-2.50264688997872,0.012326846126807,0.223559524233048
"GPR88",239.353930746342,-0.994251597870882,0.452824165199127,-2.19566815175083,0.0281157043185904,0.312671320721441
"SLC1A2",2927.85586039524,-0.993400928359063,0.327340472504105,-3.03476353155996,0.0024072434568951,0.108091102540095
"SNORD97",6.16107760102205,-0.989974313767269,0.489153307914556,-2.02385284480218,0.0429852950343442,NA
"FOS",582.567415557679,-0.985811044552779,0.421871198980036,-2.33675834457576,0.019451752904379,0.26992972686152
"RHBG",409.657462784283,-0.980839003694789,0.277871073596036,-3.5298348655057,0.000415819117389682,0.0562297041394939
"FLJ35282",58.3501935342432,-0.979620470549091,0.32017570492515,-3.05963399308546,0.00221607631902636,0.105127395742706
"BC071770",12.024973240831,-0.973437419429325,0.308064594364734,-3.1598484124301,0.00157851242471839,0.0911302173002055
"PRODH",615.049180113959,-0.969041804504258,0.4609533476685,-2.10225570419581,0.0355308825626325,0.337417898494244
"LOC727896",18.9289374359551,-0.963550133304459,0.294198357720039,-3.2751716929072,0.00105597774302372,0.0764039092758077
"CR936829",7.64622062816631,-0.958059931723281,0.449907271322379,-2.12946087514284,0.0332161485727374,0.330292000773128
"BC041025",16.6851710039169,-0.955653664091063,0.364112977622582,-2.6246075334388,0.0086748895038789,0.190628971073965
"OAT",4188.43423548995,-0.95311282018275,0.278174618430135,-3.42631123415068,0.000611838869947814,0.0616890035455598
"ANKDD1B",14.180864155937,-0.951566403634262,0.28639849895594,-3.32252580618675,0.000892064194226942,0.0721953146637924
"MSTN",7.2826615815394,-0.950758317518747,0.467622977661766,-2.03317279718114,0.0420350683356493,0.356263139626498
"LMX1A",8.50960546569708,-0.933682637713248,0.429604383203105,-2.17335454250202,0.0297536433416835,0.317034158539135
"JX088243",19.1159682604695,-0.931622181040491,0.255273722190599,-3.64950286714157,0.000262748307394875,0.0477095820296482
"UNC93A",603.302332776746,-0.927819896056013,0.419698013588712,-2.21068450651578,0.0270576921734007,0.310212150966413
"FW340046",28.1632869001379,-0.925874452545819,0.317106823130292,-2.9197556943308,0.00350305886957799,0.128696635055516
"MT1H",3264.81037029764,-0.925629400484947,0.418888646679025,-2.20972663695565,0.0271241399331577,0.310212150966413
"LINC00862",13.2557111503775,-0.919525851763686,0.398840861231492,-2.30549560274363,0.0211388327422313,0.278753624203796
"AX748285",9.74863745773581,-0.909360304969412,0.338740574852409,-2.68453315746313,0.00726311785191243,0.178815155554736
"BC041449",32.8985409115603,-0.909039887373906,0.269880815400385,-3.36830124818353,0.000756329065032641,0.0670139907942558
"ZP3",14.2402613354338,-0.904070314683703,0.42320437269959,-2.13624993739243,0.0326590470587483,0.328763199036527
"IGF1",2545.67127185332,-0.89710194004063,0.251204257169649,-3.57120516247771,0.000355342405901694,0.0514860387305344
"MROH7",96.7944462277894,-0.895126771389983,0.265342733442019,-3.37347384561251,0.00074226097634813,0.0670139907942558
"MIR570",50.615132388294,-0.891558506796127,0.257403542401529,-3.46366059487001,0.000532878403124527,0.06045775983653
"ZDHHC19",28.6754527028315,-0.891461505739508,0.266326505860706,-3.34725040926178,0.000816174477701392,0.0688485064795883
"LINC00853",16.2851556507546,-0.888151702453789,0.452279901700835,-1.96372135731396,0.0495624144400674,0.381428520774324
"GNN",86.8729786700645,-0.887496594689593,0.241973439292666,-3.66774385355646,0.000244700138278439,0.0477095820296482
"LINC00238",81.5572634119793,-0.881854412990758,0.305483545573669,-2.88674930538311,0.00389244236522464,0.134937524489541
"IDO2",1051.83101089844,-0.881228566573528,0.378272530527442,-2.32961289931572,0.0198266197684623,0.271180964659956
"TEX14",14.0004233072393,-0.878202004880329,0.343647577789448,-2.55553090328605,0.0106025945884946,0.208391921395928
"OMP",5.96460372350844,-0.87365503492806,0.409051224181029,-2.1358083860456,0.0326950353161006,NA
"LOC100131347",11.2047078318169,-0.866546613709348,0.413233717260358,-2.09698913112499,0.0359945374957359,0.33806606860608
"LINC00598",28.1384579921971,-0.860954145366227,0.437560786312203,-1.96762180775479,0.0491115686281259,0.380247467569822
"AGBL4",46.8322129251824,-0.860943323009749,0.30984809252525,-2.77859810590762,0.00545940246096359,0.158942175760189
"RGSL1",14.6838605998224,-0.851034301948375,0.291373067656991,-2.92077201503821,0.00349165237701805,0.128696635055516
"ASS1",48462.7714326699,-0.850823122831346,0.211379390310277,-4.02509971091529,5.69511789641916e-05,0.0255207487571226
"LOC100506207",28.1987535063939,-0.850260849740044,0.227935157410138,-3.7302751335114,0.00019127078661819,0.0441308871183046
"PKD1L3",69.8356662309482,-0.840855639035883,0.379010850075387,-2.21855294873124,0.0265171535746216,0.307239576336245
"CYP1A2",15932.3366519378,-0.837152763280195,0.413591760954682,-2.02410406181163,0.0429594457888971,0.359492453169816
"JAKMIP3",7.9859080098544,-0.836333950443661,0.352224281540858,-2.37443581908945,0.017575791474064,0.262290212660062
"TEKT5",8.46099331677541,-0.835276835232528,0.346438236447125,-2.41104112467104,0.0159070546941326,0.252222052803749
"FAM160A1",71.285126477582,-0.832184482014086,0.186188741770065,-4.46957465904033,7.83752987319996e-06,0.00677894850568056
"SLC45A2",46.4979979686993,-0.830598070620624,0.308754655631958,-2.69015561537221,0.00714187069097997,0.177717881882291
"LOC152225",17.3646254931681,-0.829402236772719,0.321088580127811,-2.58309478475557,0.00979184173625947,0.200807222849721
"BC035370",9.80752533900298,-0.827127185922128,0.358017252672089,-2.31029979630535,0.0208715622068948,0.277573227597918
"AK095081",78.3517761531943,-0.82519334399436,0.214692054303079,-3.84361380617021,0.000121235738700637,0.033673327911394
"GDF7",23.738662462123,-0.819573713504403,0.247908856301507,-3.30594770082614,0.000946557534434987,0.0736315107420342
"AK094577",106.227733799428,-0.812390403134183,0.20350310896792,-3.99202944492728,6.55102360267506e-05,0.0267014640926307
"SMIM1",33.5500820031838,-0.808477432682257,0.268840702784512,-3.00727317072329,0.00263602767578977,0.113445045610807
"STAG3L1",16.2803177805282,-0.799968285899412,0.321300051836082,-2.4897857355701,0.0127820127336593,0.226750716256961
"MBL1P",313.245638650771,-0.797107069508196,0.256381847126441,-3.10906204336333,0.00187682302180834,0.0990294192823163
"SLC22A4",16.64886851786,-0.794050939253007,0.311096260846975,-2.55242842550137,0.0106974886527068,0.208771130137455
"SSPO",105.587226149743,-0.791842250925095,0.221017317851659,-3.58271586417748,0.000340040414639917,0.0514860387305344
"KLHL33",12.1621992379843,-0.790644715185714,0.270487560335202,-2.92303540394208,0.00346637099852936,0.128546048526065
"C18orf23",12.3361897303984,-0.788472826721461,0.347009234427851,-2.27219551670288,0.0230747039472683,0.293418856256553
"SULT1A1",5667.31161292627,-0.787784894003483,0.227982416113339,-3.45546339684305,0.000549347775322948,0.0606809552621729
"PKD1L2",122.944783691914,-0.782860871534234,0.318186757670961,-2.4603816867319,0.0138789324444113,0.237316854150104
"NXF5",9.89207982237801,-0.782737570593944,0.354798899907062,-2.20614429976806,0.0273738977998284,0.310212150966413
"C6orf165",7.68105136359874,-0.781446826061636,0.398321176967281,-1.96185106704941,0.0497798262127149,0.382029615802906
"MT1G",20520.5232370332,-0.780174942099778,0.320112454838277,-2.43719021333902,0.0148018909381144,0.245045393801007
"GRIK5",8.37482788726458,-0.777370795270973,0.331979470676041,-2.3416230940062,0.0192000934165384,0.268006221388359
"LOC643699",55.4760008699279,-0.776687307206007,0.245757227398243,-3.16038439816627,0.00157561115505394,0.0911302173002055
"MOV10L1",23.081094919643,-0.775963561463918,0.263244223245118,-2.94769454728503,0.00320153232214019,0.124814562460096
"MT1A",369.065331353224,-0.773382030467445,0.264594470967101,-2.92289565855518,0.00346792707412342,0.128546048526065
"FITM1",216.257244316329,-0.772585550718064,0.219377455257005,-3.52171808088924,0.000428759845148682,0.0562297041394939
"WASH3P",292.749456173649,-0.769160332711614,0.177953772250568,-4.32224798038333,1.54447455748144e-05,0.00983418268269617
"LINC00939",485.099014672339,-0.767902427109353,0.219396350551762,-3.50006928181871,0.000465137250642395,0.0562544460284223
"CYP2G1P",20.3958999804827,-0.767086640849463,0.351526182487978,-2.18216075804168,0.0290976703536198,0.315063734470984
"LOC100506085",89.5744281348747,-0.758380242498124,0.252401130628544,-3.0046626202092,0.00265875586200935,0.114126750978323
"LINC00612",7.50582493637527,-0.757838559254969,0.352669981590521,-2.14886040438475,0.0316454673908028,0.325667305524268
"IZUMO4",89.9216613606611,-0.755302006505635,0.190098190141783,-3.97322039700799,7.09073824657946e-05,0.0267014640926307
"FUT6",237.774398689311,-0.75423854451991,0.246877549955095,-3.05511191542973,0.00224976553868327,0.105898764802395
"LOC100506229",7091.47094444062,-0.750258243750779,0.218462349405341,-3.43426794499372,0.000594156560076272,0.0616890035455598
"AK096335",26.8910768902385,-0.748786238632841,0.252554098518983,-2.96485482921814,0.00302825793457703,0.121180756738772
"AK125212",20.6815950258495,-0.747700410083145,0.326014563531499,-2.29345708358487,0.0218217034419884,0.285370011310422
"GPR162",154.732489658452,-0.747254388987743,0.250303255114187,-2.98539620927762,0.00283211229952799,0.116729524106665
"CYP2D7P1",1456.43917136679,-0.742624022519103,0.251623055694402,-2.95133536340575,0.00316403172680127,0.123935795937046
"ZNF676",14.1497680511698,-0.742316722986581,0.300076456128202,-2.4737586299321,0.0133699992114401,0.232696971569697
"DIO3AS",83.500029350591,-0.73468769769623,0.318573836514843,-2.3061771353656,0.0211007366325672,0.278753624203796
"AX747833",24.5054478949711,-0.732860369729337,0.23770547629772,-3.0830605215483,0.00204883482491971,0.101943376018302
"AASS",7969.86969560861,-0.730746364107837,0.252267504776483,-2.89671222124031,0.00377095494063552,0.132938196619979
"CDH23",839.458757310254,-0.729602951751303,0.220099055942595,-3.31488451246058,0.000916809931581935,0.0723536834066729
"D28408",65.1246446988137,-0.729180589630759,0.247995219846425,-2.94030098677836,0.00327893561963887,0.125858996692182
"HSD3B2",27.654980840953,-0.726437913831492,0.220346183589906,-3.29680279456753,0.000977921391717642,0.0743265116484845
"AF420437",18.1906677417589,-0.725272071553094,0.350939535487583,-2.06665820807401,0.0387663717718145,0.345705729731707
"AL137655",24.3218056828642,-0.723018552440326,0.312144078333399,-2.31629751331715,0.0205420300263387,0.275372892804536
"C1orf228",225.636437372451,-0.72264556774145,0.205146107998728,-3.52258970346115,0.000427352392429861,0.0562297041394939
"IGSF23",284.343269915677,-0.722519805786317,0.25103762073205,-2.87813357886112,0.00400035709712616,0.137514350087725
"TRPC5",119.974778273369,-0.722039037934454,0.165323351263353,-4.36743528616399,1.25714027275805e-05,0.0088854944457083
"SNORA70F",13.8783206625301,-0.721359340287012,0.3295595539681,-2.18885883173891,0.0286071020947237,0.313589816476449
"BC069694",52.6646056726233,-0.721177151594895,0.34598054934404,-2.08444420636422,0.0371197803019417,0.340707936753397
"AX746622",12.8021456061282,-0.719331767746993,0.290763200847174,-2.47394362715479,0.0133630780765058,0.232696971569697
"RNF152",306.087678992071,-0.717522839146904,0.255672567414261,-2.80641308687731,0.00500964248226782,0.151745459394324
"EPB41L1",828.674288970575,-0.716936931827701,0.344131865926037,-2.08332038620855,0.0372220297221597,0.340707936753397
"CCDC40",55.1622211008441,-0.714962503114161,0.21565582098589,-3.31529424916816,0.000915467054091388,0.0723536834066729
"GOLGA6B",111.559286652261,-0.713366816285019,0.280635041441558,-2.54197342078386,0.0110228555416564,0.211876674558822
"MIR7",14.8030523382796,-0.71223308807454,0.280886325228421,-2.53566309251738,0.0112234653139724,0.212770705706189
"KIAA0913",29.0000693154575,-0.712099350436097,0.266313850851678,-2.67391030604975,0.00749725005018843,0.181699668151495
"GNRH2",13.0594171417982,-0.711761250558112,0.357442976536307,-1.99125817901143,0.0464525106638155,0.370747422537938
"ESPNP",44.9012904150799,-0.708446670527571,0.250240562312677,-2.83106249434639,0.00463936553187455,0.148090745225218
"GPT",2298.96549834942,-0.70840861929168,0.180541228121421,-3.923805253032,8.71612030042857e-05,0.0293080092534339
"NLRP14",38.8157995289195,-0.705314523539856,0.271765892533338,-2.5953018495628,0.00945078793333692,0.198513194231162
"GHRLOS",29.0376566909014,-0.705250755374925,0.315901181623078,-2.23250432857325,0.0255816494631549,0.304280222508983
"AK055656",9.97460832467126,-0.703629885342758,0.32253083646293,-2.18158949717551,0.0291398427176632,0.315063734470984
"MT1F",4616.13568037229,-0.702943838855816,0.336821941709877,-2.08698944993702,0.036889088220887,0.340320324460956
"BX648926",7.8207487669361,-0.699184132031032,0.331483553851573,-2.10925737915825,0.0349223715346121,0.33719625521969
"PHYHIP",25.2299944150452,-0.698286807174585,0.288760360869803,-2.41822251873909,0.01559653590467,0.249836943118545
"DRD1",83.5652827411392,-0.697242423325554,0.201962806896254,-3.45233082289116,0.000555765866748611,0.0609764781727682
"CELSR1",322.527571712277,-0.696977094907081,0.197351655512873,-3.53165061167484,0.000412974610139297,0.0562297041394939
"NUP62CL",30.7203856916201,-0.696621779649875,0.264481093072104,-2.63391901310676,0.00844056179062033,0.189244476737197
"AX747197",14.5268741031857,-0.696185873484596,0.32549390438862,-2.13885994206943,0.032447013111051,0.328615256868585
"MIR1295B",223.794857214762,-0.695422526458006,0.210797385892284,-3.29900925248362,0.000970267131863092,0.0743265116484845
"LOC100507489",32.1994121274937,-0.6945456604461,0.209895781542521,-3.30900247418931,0.00093629009705432,0.0731763708400614
"MRPS24",13.4990508206437,-0.69342378965691,0.305852974903485,-2.26718013737066,0.0233792236893319,0.296154707422431
"ASB9",587.841582593816,-0.69120345162955,0.299119890951231,-2.31079066467782,0.0208444204042838,0.277573227597918
"MTMR7",25.7037545964725,-0.686617800410248,0.249553522985185,-2.75138492214758,0.00593438662931627,0.163986634567212
"GADD45G",538.778044618982,-0.686066582695127,0.216267142763442,-3.17231075386039,0.0015123108817625,0.0891725231313983
"LOC100133957",26.0402479289444,-0.68305199166298,0.199464721390049,-3.4244250657603,0.000616101726555006,0.0616890035455598
"ACVR1C",155.903922818662,-0.682113505252483,0.22239868034774,-3.06707532700256,0.00216164375890669,0.105127395742706
"CSRNP3",152.45768169365,-0.681839349247924,0.252121404568744,-2.70440881611863,0.00684260467487637,0.173621924744298
"AK301549",22.040601423564,-0.681031758801903,0.320275372874369,-2.12639439832623,0.0334704338004915,0.331582554113403
"ONECUT1",476.281646365095,-0.679911252248941,0.17005640899408,-3.99815129738869,6.38391420435853e-05,0.0267014640926307
"AK126380",109.098207498117,-0.679864360247792,0.299180521020366,-2.27242187402138,0.0230610417860222,0.293418856256553
"LIME1",15.5522195383459,-0.678295374385843,0.287384843073998,-2.36023364047487,0.0182634285109338,0.264081005801498
"SSUH2",24.468651973388,-0.673692436858329,0.338171330780695,-1.99216307101804,0.0463531686333971,0.3703113071778
"DCT",13.5344761369891,-0.673477823757106,0.3298803918524,-2.0415818593378,0.0411930262688203,0.35309221533786
"SNORA63",13.4668260000891,-0.669290533110201,0.332663877805838,-2.0119122566738,0.0442291871485393,0.363853017734809
"SLC16A4",303.234747813222,-0.665036020415899,0.210605270467421,-3.15773683602461,0.00158999022722158,0.0911576057952749
"LOC100996255",47.2492535748888,-0.66478562486836,0.200225184957817,-3.32018984029614,0.000899562542569929,0.0723536493584522
"UGT1A3",236.816119938104,-0.66466162372275,0.295235882058502,-2.25129011788291,0.0243671682950896,0.30051932923936
"BSN",132.588941589017,-0.663020023764064,0.167533355581277,-3.95754040419972,7.57254814772756e-05,0.0272759891868909
"SLC23A2",7276.24848408679,-0.662014197389279,0.220593010081325,-3.00106606798292,0.00269036185595538,0.114888158740527
"SLC22A24",11.0381641178941,-0.661810460851934,0.328993946422678,-2.01161896152845,0.0442601190372637,0.363853017734809
"MKX",18.7765039312732,-0.660987715930728,0.307513629963513,-2.14945827282243,0.0315980904089527,0.325387669351111
"CYP4Z1",31.2434277510736,-0.658106110601171,0.317095013123215,-2.07542245498969,0.0379473988497129,0.342783562998883
"SPTBN4",33.0336261176448,-0.656325559934511,0.193421418697399,-3.39324137086033,0.000690707475964152,0.064657243894068
"SNX29P2",342.891723450464,-0.656038482646504,0.191359596938047,-3.42830196731078,0.000607369473278584,0.0616890035455598
"CMAHP",441.525537538065,-0.655530839624216,0.301054421820884,-2.17744963073232,0.0294470360716339,0.315187518214684
"C11orf85",26.6026481686596,-0.652459495271069,0.268967139933231,-2.425796308921,0.0152748407465776,0.248276754082984
"NFKBIZ",1291.78976179678,-0.648127209110485,0.221128265752963,-2.93100118568537,0.00337871491898853,0.127521474926471
"CYP3A4",116878.926741785,-0.647435758620228,0.223994004181918,-2.89041557600984,0.00384732853986868,0.134486047630979
"PCK1",45513.9020295342,-0.644763978187541,0.272528006343943,-2.36586318902513,0.017988090265099,0.263889863127868
"LOC100505912",26.0660739690272,-0.64466825554382,0.262894865159495,-2.45219036572931,0.0141989521763695,0.239574784735506
"HBT8",128.749201632235,-0.644586373955556,0.207924293841623,-3.10010130151766,0.001934544662895,0.0999377203863363
"ZBTB20",131.776676162426,-0.644428053730586,0.264684115963374,-2.43470618319899,0.0149038861306502,0.245958654680023
"SLC16A10",436.359376083062,-0.643314479145165,0.188458832576483,-3.413554410532,0.000641213533242139,0.0634352784117043
"TMTC1",478.255094016341,-0.639810485744288,0.175666668982511,-3.64218488032004,0.00027033380219337,0.0480811415268646
"AK311356",29.4177955430888,-0.638478708534346,0.226849669452753,-2.81454546561428,0.00488462675793068,0.15099511334357
"POLR2J2",237.961636637439,-0.636525022412766,0.285840036022996,-2.22685748039003,0.0259568003390703,0.305881808594373
"NEURL",30.1749177630957,-0.636506129002695,0.271424659221577,-2.34505638075825,0.019024202570637,0.267582353474435
"GOLGA8T",16.2731941504723,-0.633863821920978,0.272037539639468,-2.33006011876537,0.0198029738855012,0.271180964659956
"BC023651",21.4888958935768,-0.633621812425604,0.233286851261454,-2.71606311714276,0.00660633221332932,0.170498938384196
"AK057719",275.297116125498,-0.631262491609021,0.237647932964957,-2.65629279301202,0.00790049862331928,0.183999544920476
"KCND3",363.33674145784,-0.631208066503487,0.141848330425233,-4.44988012626762,8.59182320111605e-06,0.00677894850568056
"AK123332",41.9591696262094,-0.630948544682213,0.287205107372023,-2.19685697951371,0.0280306621468733,0.312543769254067
"LOC100507053",70.7251345327442,-0.629405705372095,0.179402331188916,-3.50834741778976,0.00045089979986062,0.0562297041394939
"C14orf80",65.495942052302,-0.628782408065324,0.269241029397574,-2.33538851590422,0.0195231338106093,0.270241273273171
"NOXRED1",20.7122341355418,-0.628668735960003,0.283006298015579,-2.22139486070871,0.0263242288207408,0.306727248474581
"RFNG",35.0842005740078,-0.626877041186206,0.235177465926374,-2.6655489237326,0.00768627470016738,0.182985086658904
"AK311131",37.7300161087498,-0.626491669357053,0.197446779288456,-3.17296474328301,0.00150890846890109,0.0891725231313983
"AK054753",21.0601159581414,-0.624688501338384,0.247224231818079,-2.52680935337303,0.0115103966818462,0.216230858478101
"MIR647",22.2349922651835,-0.62306203899867,0.22055846029729,-2.82492921903267,0.00472910615350757,0.148966843835489
"YJEFN3",17.883091429753,-0.621613301396986,0.267698711284641,-2.32206310749113,0.0202295378137593,0.273842493493609
"TRABD2B",526.977730648412,-0.620321113957837,0.226479935637624,-2.73896719464974,0.00616325229350052,0.164018968809553
"CHIC1",135.82332931731,-0.619645007497318,0.240024979732303,-2.5815855007608,0.00983476266346439,0.200972679618005
"ZNF460",57.9698988510799,-0.618969823066449,0.212738134307845,-2.90953864515312,0.00361962634308457,0.131085079707469
"SDHAP2",272.366570060285,-0.616118071039798,0.195969121854549,-3.14395484966805,0.00166681154849944,0.0926089457754935
"ANO7",36.3697255790226,-0.610371230956189,0.235322143467277,-2.59376878844836,0.0094930303221798,0.198849582058403
"MT1E",12122.1274331449,-0.609126131065881,0.206783527999515,-2.94571882469919,0.00322205148507878,0.125026161724286
"SCARNA17",58.8968765933985,-0.608357571998806,0.254292141503689,-2.3923569497722,0.0167405524846539,0.259327388235356
"LOC100288069",54.9535025666226,-0.607828426944362,0.247343260081979,-2.45742870350664,0.0139935584040695,0.237560726636299
"AK056182",10.4107160154511,-0.606505203402287,0.291763391455239,-2.07875703794502,0.037639687497592,0.342031805454775
"STK31",22.7192711493128,-0.603983229328888,0.253907222484912,-2.37875560772903,0.017371188697737,0.260945807373349
"PRIMA1",38.4830427513294,-0.602593223462998,0.273327587929698,-2.20465569548724,0.0274782642917154,0.3103526660187
"SRCRB4D",68.9558594401534,-0.600717778925953,0.273043787996034,-2.20007854174173,0.0278013230357953,0.311916581738133
"ZNF192P1",29.2503721795902,-0.59958058526979,0.27565787469793,-2.17508963212757,0.0296234002525385,0.316053929336456
"BC052775",31.7113657258109,-0.598558142723406,0.256367355591525,-2.33476739400901,0.0195555754103648,0.270359924812062
"DIRAS3",147.109102542954,-0.598483290769095,0.225410803163656,-2.65507811679539,0.00792900447059084,0.183999544920476
"DQ574505",12.8514771861204,-0.597970661342899,0.298973602029265,-2.00007845938307,0.0454917923652081,0.36735690588461
"BC034020",32.6076201713131,-0.597799201987476,0.220905475139038,-2.70613121567594,0.00680721428934968,0.173254583041835
"AK097722",18.6893931092769,-0.596655281958551,0.275785852292991,-2.16347313322176,0.0305048079721751,0.320503591180069
"ADCY10",456.419791141045,-0.596455293513599,0.18929648700364,-3.15090524369915,0.0016276528627185,0.0917998902895668
"SULF1",185.044609658697,-0.596338896346454,0.241504212326985,-2.46926913034147,0.0135389350572692,0.234218851415202
"CPE",579.142748081271,-0.591357022697342,0.291164054737057,-2.03100971111074,0.0422540095009577,0.357344380984666
"C3orf58",375.592611796957,-0.591014301076055,0.134986728152731,-4.37831414364939,1.19600872496845e-05,0.0088854944457083
"SLC34A1",64.9994027265,-0.587299395893511,0.221087250475701,-2.65641458125628,0.00789764558349936,0.183999544920476
"RASSF6",78.0594099010643,-0.587094448579175,0.268762740740394,-2.18443392473909,0.0289303776529053,0.315063734470984
"FAM19A2",19.3159151035343,-0.584096839429932,0.207005185190946,-2.82165318173623,0.00477768144485979,0.149556953586164
"MTHFD2L",511.868129960689,-0.581585360632419,0.225082724087114,-2.58387383123783,0.00976975264409984,0.200807222849721
"OSBPL6",622.230552697029,-0.579695789768841,0.197315414861426,-2.93791435492234,0.0033042829115275,0.125858996692182
"ASPG",2698.85915149616,-0.579021762830079,0.116315816688295,-4.97801399083799,6.42400137491143e-07,0.00133049098476134
"AK123292",16.6382745281586,-0.578252074137367,0.237621698105784,-2.43349861880013,0.0149536924770571,0.246303883713678
"AX747838",29.4104600153925,-0.577455753008365,0.217984614578086,-2.64906655970212,0.00807144334647298,0.18587680650075
"TPPP2",267.989424170648,-0.576307292241434,0.190557488572521,-3.02432245806024,0.00249190683173564,0.109518313779915
"ZNF404",53.1611138147033,-0.573352703548844,0.274112383425002,-2.09167019886103,0.0364680281269037,0.340112660118439
"AK307233",18.7479368762731,-0.573121262116742,0.243199609605503,-2.35658791988363,0.0184437010456897,0.264784964423799
"GCAT",844.512815769553,-0.567670819740389,0.195360986447966,-2.90575324204553,0.0036637024698596,0.131109905449468
"LRRC16B",160.527769977828,-0.56494367652467,0.234062068605217,-2.41364899443633,0.0157936690651119,0.251137526621726
"LINC00638",32.0940520946716,-0.56470249589994,0.179001674629449,-3.15473303291118,0.00160645028993102,0.0917837063926451
"POU6F2",39.3625142455319,-0.564107711754311,0.271125424714809,-2.08061531797574,0.0374691306853909,0.341221682711518
"CARNS1",37.8248701877835,-0.561392459366144,0.252615964830237,-2.22231583717763,0.0262619686020771,0.306727248474581
"BC039377",127.822023421659,-0.560532693593703,0.18077332327785,-3.10074895692524,0.00193031868966994,0.0999377203863363
"PAR5",51.7844689441385,-0.560436953267705,0.285879503767206,-1.96039571176839,0.0499495566903867,0.382762520726268
"LGSN",272.85486428297,-0.558495546395206,0.247989769040257,-2.25209107842084,0.0243165169816975,0.300488622611609
"AK126225",305.743741906752,-0.556038682294029,0.25838555899094,-2.15197275136234,0.0313995005442581,0.324639397052139
"AX746671",85.6120979502584,-0.555846060779627,0.281829595979998,-1.97227710896295,0.0485779813203201,0.378414937703989
"TBC1D2",350.331209230771,-0.553179468409243,0.106451362183706,-5.19654663934319,2.03024682217944e-07,0.00084097898991728
"LOC253039",637.736136525463,-0.552585289840571,0.211870912799368,-2.60812247674528,0.00910403735827121,0.19427182547054
"EXPH5",594.175778633434,-0.552108415748685,0.201837560039982,-2.73540968112832,0.00623026812814195,0.164707662805988
"SLC6A16",337.218757442258,-0.55089238927728,0.201225379245517,-2.73768841357298,0.00618726665694481,0.164289777626472
"ACOT11",28.3402084111892,-0.550240737209986,0.20542719905517,-2.67851939636392,0.00739484490835385,0.180715612516984
"MEGF10",51.8250744660528,-0.549386592516237,0.269613555505327,-2.03768164210639,0.0415817812753481,0.354864580629397
"MT2A",14328.230721096,-0.546563445324076,0.208468491961478,-2.62180361253379,0.00874658162642451,0.19081769889175
"GRTP1",1145.5738876016,-0.544764432243867,0.0965713646874555,-5.64105554484963,1.69010824168571e-08,0.000176422930061263
"KANK4",391.859833719787,-0.543249974109049,0.244703906488675,-2.22002983893594,0.0264167421690823,0.30703312294336
"BC010030",31.5134408176329,-0.542945867513999,0.202245874185133,-2.68458315751349,0.00726203152042701,0.178815155554736
"CDHR3",213.683395949498,-0.540847073514574,0.165206754893968,-3.27375883547678,0.00106127144364625,0.0764530719555422
"FLJ13197",156.408000683699,-0.538289390631012,0.269956174531702,-1.99398806700678,0.0461533586132175,0.369743466529606
"RANBP3L",382.756730955325,-0.536747030964478,0.199670731343039,-2.68816079028796,0.00718467913653058,0.177717881882291
"TPRG1",347.525923589798,-0.536092008104372,0.176917717044791,-3.03017706230432,0.0024441040691259,0.109154610030585
"OPLAH",827.535529019709,-0.534472641603838,0.143304874016185,-3.72961942343618,0.000191769199862269,0.0441308871183046
"TMEM17",62.1126911917408,-0.534241884932123,0.154170158767423,-3.46527427359057,0.00052969097516018,0.06045775983653
"AK097351",63.7731989135625,-0.531906864997289,0.197318170717406,-2.69568110764148,0.00702448798705867,0.176079790404803
"AK091996",924.295630183856,-0.531342070259667,0.176240390488362,-3.01487115857675,0.00257088440598354,0.111507878543656
"C3P1",25494.9787465643,-0.531144466349795,0.151286636753842,-3.51084853062084,0.00044667883529847,0.0562297041394939
"APOA5",25557.5037445746,-0.530247015614663,0.156829777408011,-3.38103531343519,0.000722132615730442,0.066293020125647
"CBS",10311.4566737488,-0.528576556390865,0.105570044320722,-5.00688012202636,5.5319355458089e-07,0.00133049098476134
"LINC00282",36.5598888954869,-0.528287060406764,0.218946828788529,-2.41285550162964,0.0158280932732635,0.251443602535669
"SLC25A34",244.971511199379,-0.527689405667354,0.208004841935418,-2.53690924094543,0.0111835943613234,0.212770705706189
"CCDC158",254.198361873757,-0.526859818209434,0.187552570718568,-2.80913141414635,0.00496753648190985,0.151745459394324
"LOC339874",34.8223728483499,-0.526024198296997,0.267888538140051,-1.96359352269858,0.0495772491654124,0.381428520774324
"ECHDC2",30302.596049912,-0.52428544042468,0.19266179325195,-2.72127354144916,0.00650309248878073,0.169151867263121
"AK310239",29.9467754947231,-0.524217445844978,0.200221201302851,-2.61819149237875,0.00883971833770794,0.191708498871051
"AGPAT9",355.120698029852,-0.520392110544966,0.265170852185193,-1.96247855394577,0.0497067950591822,0.381822849946958
"NOS1AP",200.480695417734,-0.518840642696928,0.182317884594062,-2.84580223082418,0.00442996985025784,0.145346872176083
"AK310094",21.8548390764039,-0.517067305221645,0.231592984984571,-2.23265529936536,0.0255716843657661,0.304280222508983
"FADS3",388.888544533561,-0.51656602343449,0.131164516209483,-3.93830616970739,8.20588443335131e-05,0.0283256873283746
"APOF",11320.1662070157,-0.515639584309771,0.193152785049337,-2.66959435339264,0.00759429327666259,0.182362094639163
"TTC18",341.658884915077,-0.515538890634673,0.231982620713816,-2.222316866015,0.0262618991214243,0.306727248474581
"AOX1",73768.8095648184,-0.513039932819839,0.149506466809408,-3.43155679997353,0.000600127441824987,0.0616890035455598
"ZNF117",419.943920805456,-0.512494502098262,0.213519624363456,-2.40022201062834,0.0163851308504337,0.256359993447437
"LOC283177",296.786000841553,-0.510054765765047,0.219460176930072,-2.32413357584948,0.0201183360101824,0.272782904543954
"AF116693",242.863086214028,-0.508748911501199,0.191037217039656,-2.66308795419476,0.00774271731676364,0.183179330100127
"BC040333",22.9716116876459,-0.507271993897968,0.232569473831959,-2.18116326936567,0.0291713425171803,0.315063734470984
"LOC399744",115.27637972753,-0.507046758143187,0.173204146420157,-2.92745161488915,0.0034175223188873,0.127845947924516
"BOK",537.492876504012,-0.507000271386214,0.175191186076963,-2.89398275529388,0.00380389052435395,0.133531063766993
"AK124197",24.7913032911205,-0.504563571483766,0.256240274569826,-1.96910330482132,0.048941229431966,0.380172166178267
"LPAL2",892.841591749592,-0.504358087895331,0.13336070158727,-3.78190937729347,0.000155630022762458,0.0393616206795066
"AK128656",55.3018984303006,-0.503624643818777,0.194027924528535,-2.59562970145934,0.00944177600249445,0.198513194231162
"LINC00574",115.616636724565,-0.498010200261904,0.123731109554864,-4.02493925782732,5.69900237801638e-05,0.0255207487571226
"ARHGEF34P",82.9652958269711,-0.497952719931797,0.210694414484026,-2.36338832783605,0.0181086833469966,0.263889863127868
"BC068088",65.5227221591087,-0.497347117944105,0.251235853547978,-1.97960247679828,0.0477482144704395,0.37494794576337
"MUC20",367.231091240704,-0.496586217991819,0.155897203463738,-3.18534397640639,0.00144582043122959,0.0871483733015655
"SLC10A5",384.854444017086,-0.494829918076393,0.239292010579383,-2.06789151413076,0.0386502255566741,0.345600245528303
"ADAMTS6",64.6980564394803,-0.492919947439648,0.250512706904897,-1.96764449009278,0.049108956918327,0.380247467569822
"AK092331",485.7897571554,-0.492477737626532,0.241042475820146,-2.04311599418683,0.0410409569785717,0.352153089683042
"LOC285540",22.5089696602132,-0.489765923373585,0.227052597641802,-2.15705932660695,0.0310010422103066,0.322851205771571
"AK096592",43.0205409351817,-0.489213711333162,0.230986732863974,-2.11792991427458,0.0341810037115342,0.332752652197132
"AX747758",234.286832864064,-0.488809869407044,0.201759171245409,-2.42273928064704,0.0154039774999884,0.248276754082984
"BC045757",141.56096408516,-0.487639559849069,0.182498619812421,-2.67201779580736,0.00753966498570534,0.182105990011883
"LOC150776",693.599943517903,-0.486740583615556,0.12927568640131,-3.76513633123995,0.000166458234723652,0.0405595072225909
"SULT1A2",937.744165927283,-0.486230719375136,0.173218857991013,-2.80703108780663,0.00500004160688309,0.151745459394324
"LRG1",11481.9613814586,-0.484715285883327,0.166653207403283,-2.90852659505296,0.00363136288163005,0.131085079707469
"AK125301",325.097923133469,-0.484212091310762,0.234917217588685,-2.06120307519803,0.0392836702830729,0.347370673597911
"GCHFR",1227.34895885255,-0.483770760550041,0.161637905856117,-2.99292890481193,0.00276314108472348,0.115612334931271
"TGM1",30.1126941114475,-0.483511074204163,0.219164467928587,-2.20615631162306,0.0273730570379998,0.310212150966413
"FLJ14186",292.819368077663,-0.482894445383076,0.15031622292105,-3.21252381146315,0.0013157424122253,0.0835269579623026
"HORMAD2",108.393674790013,-0.482806720857386,0.24150516169961,-1.99915694331168,0.0455913755671433,0.367414154558365
"PLA2G16",1623.56998619505,-0.481444894692131,0.175098668183629,-2.74956343007265,0.00596747118982929,0.163986634567212
"BC070363",155.543280115624,-0.481196502939402,0.187393077008444,-2.56784567829963,0.0102332701903434,0.204124828657344
"C8orf46",536.710453771553,-0.479991220975814,0.187654772206372,-2.55784180350046,0.010532399400941,0.207867344795534
"BC047373",39.6296590488805,-0.478972574772278,0.238223471669153,-2.01060194201803,0.0443675187743515,0.36410372390898
"STAG3",250.048185081125,-0.478874643843305,0.213334484535622,-2.24471277996007,0.0247865770815397,0.301727037673114
"LOC145837",497.624566166061,-0.478556203517402,0.200689471957896,-2.38456057933025,0.0170995324227323,0.259327388235356
"CDNF",179.726246770555,-0.478373907910466,0.169703709297357,-2.81887714706491,0.00481919590869609,0.149556953586164
"AGXT",50478.8687931903,-0.47776370812613,0.138877779543525,-3.44017386868139,0.000581340594245675,0.0616890035455598
"TTC32",84.9322990113602,-0.477036123708864,0.19134853577798,-2.49302207497612,0.0126660971305045,0.226147158788069
"ZFAND5",12282.2457068078,-0.476913286906749,0.141431322045224,-3.37204856753196,0.00074611289996857,0.0670139907942558
"AK023566",59.3847623633198,-0.476549976685152,0.220500837409988,-2.161216176241,0.0306786444267293,0.321108313017358
"PON3",13426.7629613501,-0.474774060865138,0.1678743036052,-2.82815207967559,0.00468175598901623,0.148236374200191
"BCL3",503.229041443226,-0.474054303606556,0.198769963225383,-2.38493933345972,0.0170819380387755,0.259327388235356
"GLS2",10425.4939726659,-0.473928850857684,0.201243474184547,-2.355002331271,0.0185225894909263,0.264784964423799
"CNKSR2",92.9982589299714,-0.473693103849698,0.213553163177159,-2.21815072557241,0.0265445571445194,0.307239576336245
"BC128546",24.5415041137875,-0.472855617436437,0.2135711114652,-2.2140429676674,0.0268258233066055,0.309587298096172
"SYNE3",154.040488344335,-0.472746966717067,0.212384079138912,-2.22590586184128,0.0260204876533161,0.305881808594373
"TMCO6",792.079637390074,-0.47259518801313,0.172172000005987,-2.74490154030096,0.00605290548369718,0.163986634567212
"MAN1C1",1347.48089440099,-0.470663094509753,0.237351456505825,-1.98297959253602,0.0473697091052312,0.373569114785614
"LRRC56",24.9847473748996,-0.468755707116139,0.227038480635328,-2.06465311873303,0.0389558333845307,0.346278564894568
"DNHD1",1505.93936220901,-0.468489803583325,0.16105011739776,-2.90896902872944,0.00362622781735083,0.131085079707469
"FLJ00313",196.337258560202,-0.468267434631502,0.133673579878095,-3.50306646278602,0.000459934686915859,0.0562297041394939
"CNPY3",1714.33512878564,-0.468212539807465,0.150348039597056,-3.11419118641194,0.00184449928175465,0.0985855116109446
"AK021933",17.5608772971151,-0.467735574187691,0.223584750846991,-2.09198334151054,0.0364400059037655,0.340112660118439
"BRCA1",331.118582243901,-0.467341353370644,0.226988545082484,-2.05887637722344,0.0395060825916956,0.347993770580438
"TTC39B",219.756622460773,-0.461909482574893,0.183005608696967,-2.524018175529,0.0116021929829868,0.216482810287285
"SLC38A11",74.4820788679315,-0.461615660597831,0.16461275605203,-2.80425206204508,0.00504334600638112,0.151965715229161
"UNQ2790",196.188840850309,-0.46014320133532,0.224202877704261,-2.05235189684889,0.040135475817255,0.348195306313346
"GRAMD3",966.878498077799,-0.460101564183921,0.139377129036226,-3.30112671544793,0.00096297380295774,0.0742116880986363
"FAM227B",52.9837250210307,-0.459868492071013,0.178604303979984,-2.57478953095414,0.0100301099870717,0.202430018953396
"C10orf114",381.512594235323,-0.459697136494915,0.139849046381027,-3.28709525299475,0.00101226587588022,0.0758924583595447
"AK128563",22.7853306629694,-0.457531200251276,0.225415487514695,-2.02972389029591,0.0423846130967804,0.35768864782308
"NREP",1378.7996684795,-0.456903288444439,0.214173964374164,-2.13332787568066,0.0328978390365103,0.329710148471654
"AK127179",23.1927105192705,-0.456130263313522,0.216893629362429,-2.10301365076671,0.0354645762350035,0.337417898494244
"SLC51A",1958.5051172591,-0.455603555402229,0.164517842150237,-2.76932610741499,0.00561723805804987,0.160192801004868
"CDON",203.127819939029,-0.454196389898356,0.163219782667419,-2.78272879963232,0.00539038431475004,0.157797310443628
"TSSK6",29.7135176389003,-0.454153979767038,0.228486103676231,-1.9876656499451,0.0468486803390131,0.371689874831317
"AK096230",49.997823519879,-0.452976339432756,0.223186404550333,-2.02958751159326,0.0423984853838209,0.35768864782308
"COL7A1",118.102456855928,-0.452567933984464,0.212533970939761,-2.12939104268059,0.033221920927881,0.330292000773128
"SLC6A13",1484.88333015597,-0.452157100177615,0.187899419999135,-2.40637837083104,0.0161115680285266,0.254194453260155
"CXCL2",3766.98557370151,-0.451570987840132,0.206639445765281,-2.18530874474502,0.0288662166528275,0.315004329328735
"ARMC5",430.208583376656,-0.451445455651488,0.152339807871651,-2.96341095580112,0.00304250074255111,0.121180756738772
"SPATA25",93.072954568766,-0.451019498541785,0.158478864238508,-2.8459283874158,0.00442821522044959,0.145346872176083
"TBX6",30.5329346084366,-0.450999064625136,0.215990404218739,-2.0880513940258,0.0367931989015894,0.340192469088522
"CYP4X1",432.479884692384,-0.450576571399411,0.216548854654675,-2.08071556008889,0.0374599489823356,0.341221682711518
"SDHAP1",405.445346217204,-0.449263258455739,0.137475069338104,-3.26796167929786,0.00108325031455667,0.0770833411768765
"IL1RAP",5843.35178086167,-0.448758539244634,0.174362908608521,-2.57370413711201,0.0100616271965891,0.202620366084814
"AGXT2",4714.76963703479,-0.447618802753438,0.149792715077249,-2.98825481948569,0.00280575516859086,0.115931564559556
"GOLGA8O",190.779442991322,-0.446018786702488,0.175099118945497,-2.54723604201183,0.0108579961630415,0.210326640322858
"MST1P2",6077.49293889103,-0.444398463653052,0.171562910364793,-2.59029450309587,0.0095893855430642,0.19960619229024
"PTPRD",1078.15674526739,-0.442913854530689,0.149723661947965,-2.95820880125561,0.00309432446417017,0.12265517236085
"DQ573668",181.744240867933,-0.442739959648541,0.174170713772432,-2.54198854709303,0.0110223785181249,0.211876674558822
"LOC100130557",80.6924345985654,-0.442660658587823,0.200695452772746,-2.20563372249924,0.0274096559246079,0.310212150966413
"ZSWIM5",75.2149242272735,-0.442207808701858,0.211551011654904,-2.0903129001492,0.0365897012145132,0.340138035495032
"ZMAT1",1001.32642656971,-0.441549385066103,0.208228192178199,-2.12050722069484,0.0339632932428843,0.332752652197132
"PHF8",2423.367790932,-0.440964553999744,0.165559908657809,-2.66347425276225,0.00773383301272557,0.183179330100127
"FADS6",205.704057604253,-0.440554259118849,0.193370242851043,-2.27829397441579,0.0227090684317768,0.291436011683375
"NHSL2",68.6520428572629,-0.439855023749328,0.170642853921428,-2.57763518155795,0.0099478962421982,0.201993496123752
"RAD54L2",1136.45882513131,-0.439362599664853,0.198626459616414,-2.21200438508216,0.0269663619454205,0.30985135303306
"HOGA1",1958.46645449435,-0.437911920715742,0.166517542440166,-2.62982454760342,0.00854289453634339,0.190507697944379
"AX747530",46.4537177199743,-0.437740191120819,0.186016693672503,-2.35323068311006,0.0186110841794299,0.264968713993465
"LUC7L2",443.761799905097,-0.435921128935887,0.219031503761144,-1.99022113919861,0.0465665806512366,0.371300132247517
"BC037540",32.8258553171619,-0.434917121771576,0.216772168211966,-2.00633284871839,0.0448207475646413,0.36546996377881
"DFNB31",124.750097419632,-0.434465952704744,0.153876320971966,-2.82347504775538,0.0047506123664046,0.149360334533127
"ACVR2B",587.344429995825,-0.434290272460242,0.143800129642214,-3.02009652940361,0.002526941353227,0.110472008658623
"ALDH6A1",13465.8360190911,-0.433979889312533,0.130211388031418,-3.33288736011186,0.000859497319610087,0.0712050554430976
"LOC100133331",137.442788982795,-0.433706947022305,0.168567617160742,-2.57289599466031,0.010085150946149,0.202620366084814
"ACY3",468.240096561537,-0.433192527383194,0.180149139337721,-2.40463278911979,0.016188723604093,0.254488578174779
"AK090736",38.2160335657758,-0.432766539470524,0.17529372018518,-2.4688080041507,0.0135563931744329,0.234218851415202
"PC",5438.49172824682,-0.432533928403434,0.159543150953083,-2.71107801130636,0.00670648456528293,0.171481084509526
"LPIN3",2398.62610956711,-0.430580149702742,0.14525575324285,-2.96428981358738,0.00303382416256102,0.121180756738772
"BC036500",55.7025034597971,-0.430564455938736,0.187709740518238,-2.29377790811501,0.0218032590125838,0.285354027313982
"CD82",1070.1156744931,-0.430144858528237,0.129237206123699,-3.32833609940875,0.000873663956174045,0.0720185974619291
"AMDHD1",3065.12026201016,-0.429539845563925,0.186208089872069,-2.30677327638683,0.0210674627751691,0.278661760647228
"TCP10L",251.140516316982,-0.429286335537853,0.190748544608477,-2.25053531296392,0.0244149844737567,0.30051932923936
"TIAF1",94.7755323006524,-0.42915352691703,0.180810067750415,-2.37350459659923,0.0176201737309348,0.262307869315237
"TBX3",1107.83763343538,-0.425969167722221,0.114919832716932,-3.70666365980065,0.000210007545366662,0.0450553924541506
"ACADSB",29989.9158971116,-0.425911752572606,0.171305533806383,-2.48626966747023,0.0129090104400468,0.228027072474557
"GOLGA2P5",1094.89293702997,-0.425240585660635,0.122834526096097,-3.4618978814471,0.000536380632263257,0.06045775983653
"NEURL2",97.5854924459849,-0.423518923195301,0.120378130233663,-3.51823809169671,0.000434422404645984,0.0562297041394939
"BAHCC1",351.699503407265,-0.423403004076939,0.113416076915286,-3.73318329810679,0.000189074892799825,0.0441308871183046
"C1orf211",25.4077391132001,-0.423371524325499,0.201486384670746,-2.10124135691521,0.0356197846802383,0.337417898494244
"NUDT13",295.387134282956,-0.423142685653001,0.181785322676915,-2.32770544630298,0.0199277497541331,0.271531978352164
"HAAO",6110.37135692106,-0.423089337909241,0.142224539509435,-2.97479843751699,0.00293181118975229,0.118770610276298
"LOC728175",58.536284744143,-0.422582807526538,0.199507216648487,-2.11813294088048,0.0341638104570933,0.332752652197132
"ARRDC3",4453.26511682542,-0.422484645094682,0.185376558663741,-2.2790618627301,0.022663388159742,0.291244866864658
"DEPDC7",1771.42686549361,-0.421718987895899,0.136135861825345,-3.09778027803534,0.00194975928723295,0.100327831149574
"HCN3",223.622675363994,-0.420409739295477,0.147318762471114,-2.8537419962234,0.00432076059554857,0.143181364615289
"ECM2",1629.51736721612,-0.420124118224243,0.161181574183171,-2.6065269578941,0.00914656237078099,0.194793562881067
"DFFB",242.856929331126,-0.419700502764365,0.154048537353281,-2.72446924829842,0.00644049277921466,0.168222493780281
"FAM99B",697.199034506362,-0.419585395036288,0.207649799080292,-2.02063954260821,0.0433170924373536,0.361189782866473
"ERV3",309.23168312541,-0.418883696452162,0.177885345435266,-2.3547959806762,0.018532877821271,0.264784964423799
"ILDR2",191.33735882075,-0.418070237045778,0.202852081532921,-2.06096104060894,0.0393067570519287,0.347370673597911
"CLDN14",1588.22377772292,-0.417934357607073,0.168321926095435,-2.48294662081108,0.0130300611468366,0.229692447179471
"KIF12",1646.76602121545,-0.414606456130284,0.192705544849456,-2.15150247209638,0.0314365609069377,0.324639397052139
"PSAT1",7013.75336760449,-0.414033150996713,0.19823273477873,-2.0886214956317,0.0367418086374765,0.340192469088522
"ZNF467",142.828788210338,-0.412139899441232,0.1966945307575,-2.09532973720225,0.0361416907453214,0.338821519045839
"PALM2",572.778926401474,-0.41164936864376,0.133007759267193,-3.09492747574836,0.00196861026800091,0.100362780093868
"ORC2",617.516556006372,-0.411284728226071,0.156654822689683,-2.62542015090581,0.00865421046749219,0.190602495428689
"SNORA8",80.4086388769911,-0.411118325868542,0.186374578575881,-2.20587125674523,0.0273930152755513,0.310212150966413
"PACSIN3",650.228137926687,-0.409073922418311,0.185086461664026,-2.21017744215606,0.0270928498883494,0.310212150966413
"ZNF808",286.672925723449,-0.408879576774625,0.153293180769575,-2.66730440794518,0.00764623810751678,0.182814602025174
"ULK1",1362.33100621275,-0.408645542613789,0.147201110927196,-2.77610365872782,0.00550146652703008,0.159359788262869
"GCDH",2890.94756813089,-0.408559633565188,0.169252766776913,-2.41390224423154,0.0157826961648067,0.251137526621726
"DDX60L",993.945375455931,-0.408441821521896,0.153532857257954,-2.66028932709606,0.00780735526531501,0.183489460129084
"FAM110C",623.952972626988,-0.408245206223358,0.175975761540495,-2.31989452780072,0.0203465836806499,0.274074909229705
"NBR2",356.525546089893,-0.407218958770478,0.131917300533563,-3.0869261053964,0.00202237863675279,0.100930095278184
"CAPN3",1938.46215211159,-0.406705828339694,0.172383355725656,-2.35931030944169,0.0183089386319946,0.264081005801498
"C8A",30811.6203461718,-0.405989367420937,0.110725558820569,-3.66662739610862,0.000245770503639189,0.0477095820296482
"PPARA",9251.78234321165,-0.405719954977289,0.126538638319066,-3.20629303718496,0.0013445698709459,0.0843870386049341
"PLIN5",3951.95935585131,-0.405513412991288,0.155088295481246,-2.61472609350023,0.00892990362361535,0.192405166631577
"HPRT1",495.470849907816,-0.40551072299009,0.162426501223882,-2.49657980646368,0.0125397448435655,0.224802348667573
"NAPEPLD",697.122082135736,-0.405290231292681,0.128942502164339,-3.143185718361,0.00167119770576815,0.0926089457754935
"LBX2",54.3158950863236,-0.405136320146122,0.174543855015518,-2.32111477147164,0.0202806503656177,0.274074909229705
"UNC5CL",1308.6316830688,-0.404411506577757,0.139601634831609,-2.89689663781923,0.00376873902007346,0.132938196619979
"ZC3H6",525.550850730285,-0.403558210761485,0.143440240617379,-2.81342396683481,0.0049016976583493,0.151240648978007
"TMEM120A",1896.93618258115,-0.40221677026212,0.151244160999994,-2.65938709701418,0.00782829626120375,0.18363962193561
"MAT1A",96249.092350775,-0.40190413514269,0.136159451564949,-2.95171675945669,0.00316012658542151,0.123935795937046
"IL27",245.088947158825,-0.401225588964327,0.196593306836972,-2.04089139869369,0.0412616229529624,0.353174337960374
"COBLL1",6156.80930904361,-0.400860251677949,0.129849549093655,-3.08711315885143,0.00202110642364679,0.100930095278184
"RGS14",539.203224368965,-0.400807993349268,0.137898008358553,-2.90655389530437,0.00365433940637897,0.131109905449468
"ZGPAT",1947.26472006629,-0.400456220705701,0.164658482246368,-2.43204124830037,0.0150139973776821,0.246303883713678
"KCNT2",490.112585994555,-0.400430233830379,0.183231461290086,-2.18537925207304,0.0288610508470354,0.315004329328735
"HPR",12775.8821089208,-0.399451046653231,0.184710046253176,-2.1625843031067,0.03057316663322,0.32065902120651
"CECR2",805.406198976643,-0.399245092639229,0.149146863107154,-2.67685879757587,0.00743159473241779,0.181202897622058
"GK",1923.69445230292,-0.398416440820745,0.163211206068419,-2.44110959301243,0.0146422105307137,0.244581267059977
"AK095366",55.7020839082584,-0.396831777219179,0.201958589607713,-1.96491656032056,0.049423895694787,0.381103726303381
"PPP1R16A",537.53879133674,-0.396697403979097,0.153252358351,-2.58852397605866,0.00963882366520778,0.200009781666987
"SEMA6C",527.880375701653,-0.396522783500269,0.139548639981686,-2.84146648474902,0.00449065718341703,0.14633323584088
"ASPA",350.988471098959,-0.396179995656422,0.187158789290307,-2.11681213133889,0.0342757953577527,0.332752652197132
"IFNLR1",343.419424783212,-0.395970507895022,0.156857952952229,-2.52438910774014,0.0115899564498988,0.216482810287285
"CYP4F3",14077.5488112312,-0.394020739491141,0.104236646892224,-3.78005961663888,0.000156790812049456,0.0393616206795066
"NEU4",603.919529454106,-0.393901746449478,0.185452548256085,-2.12400287919232,0.0336699028177181,0.331674565866095
"CPSF1",1761.54899157461,-0.393572438646669,0.124595237041936,-3.15880805711861,0.00158415787061603,0.0911385824938783
"HSD17B11",4434.17805511401,-0.392675642127688,0.148987622491083,-2.6356259369881,0.00839822550642303,0.189244476737197
"PLGLA",833.514285431117,-0.392463612553663,0.145947310332025,-2.68907739142861,0.00716498058761265,0.177717881882291
"DOK4",1134.90981434306,-0.392449330103824,0.160768528385145,-2.44108305304415,0.0146432866753272,0.244581267059977
"EFCAB2",187.700406273057,-0.392445293151693,0.184155912715991,-2.1310491059656,0.03308509688052,0.330190478387212
"GSTZ1",4300.84419184818,-0.392196952073829,0.177222524101407,-2.21301978437804,0.026896281685101,0.309587298096172
"MTHFD1",17217.2764991466,-0.390293618792782,0.122496649579937,-3.18615750007178,0.00144176084914447,0.0871483733015655
"C17orf67",98.9304455237355,-0.390236477370047,0.174433837121711,-2.23716042603454,0.0252758568003254,0.302665809935025
"AK095057",427.836508578827,-0.389785127281385,0.116477811798534,-3.34643243432129,0.00081858626208455,0.0688485064795883
"APBA1",2298.03619411414,-0.3897058136199,0.182518731351526,-2.13515517412478,0.0327483370629702,0.329251939803613
"PSD4",4406.9328702015,-0.389572405212928,0.124546833769458,-3.12791897973131,0.00176048703088161,0.0956377364415651
"MORN1",91.4518724978909,-0.389364053517797,0.144427593847557,-2.69591179320462,0.00701962523281152,0.176079790404803
"AF289551",483.594598917427,-0.387718438075828,0.157393308914932,-2.4633730668016,0.0137636620589228,0.236386623654658
"DNAJC12",960.746551854592,-0.38716146559218,0.1395218689025,-2.77491599444338,0.00552159681436945,0.15938560560503
"ATP6V0E2",1583.56099518673,-0.387151976126435,0.164418294594743,-2.35467699674591,0.0185388124539102,0.264784964423799
"GTF2IRD1",218.536898768938,-0.386321987677889,0.188124751480328,-2.05354151773211,0.0400200874327001,0.348195306313346
"MYO15A",203.871440533816,-0.385873803278151,0.196353925089559,-1.96519526208682,0.0493916421303762,0.381103726303381
"DQ573949",105.448564818942,-0.384696061472695,0.174919496555329,-2.19927491816792,0.0278583800410499,0.311916581738133
"ZNF214",108.770101093166,-0.383778431361524,0.123181112952908,-3.11556229816045,0.00183594563293696,0.0985198365785535
"HGD",22791.7151549953,-0.383706622749033,0.179385586343539,-2.13900475824296,0.0324352830130126,0.328615256868585
"TRIM66",1840.08391824604,-0.383462577088067,0.192807569211526,-1.98883570108898,0.0467193407807084,0.371639784588403
"MYO18A",4133.35533993088,-0.382694199773893,0.0903527132304683,-4.23555846959162,2.27984368410636e-05,0.0123764344346727
"NAAA",1813.85873745762,-0.382406401878814,0.110653473248997,-3.45589153824667,0.000548475971736735,0.0606809552621729
"SLC27A5",19743.6825942372,-0.382289092714802,0.126208312168673,-3.02903260606074,0.00245338202522686,0.109263423424206
"AX747090",113.792513987144,-0.382049275968398,0.1826664295594,-2.09151334971576,0.0364820710006573,0.340112660118439
"FAM184A",320.485400574221,-0.380400579528774,0.180789677825482,-2.10410563315444,0.0353692335833868,0.337417898494244
"SLC25A37",1190.60325668525,-0.379691907415835,0.127383961740831,-2.98068848092773,0.00287601192953273,0.117518515685033
"SLC13A3",907.8311327103,-0.37928190925073,0.152516166783931,-2.48683085372883,0.0128886662477915,0.227910684161853
"PKD1",1287.89739837331,-0.378279444344468,0.117588888214176,-3.21696590629781,0.00129553993115924,0.0828795410014571
"SLCO1B3",5349.86513942676,-0.377410713734323,0.18888511463334,-1.99809664444414,0.0457061834738081,0.367981415926884
"SARDH",5413.87394129508,-0.376688685283292,0.121194246364203,-3.10814000320856,0.00188268857951172,0.0990294192823163
"C12orf60",32.7925947438816,-0.375030909375298,0.188646786664038,-1.98800581768293,0.0468110465589955,0.371639784588403
"LCN12",429.928402540109,-0.373996796450468,0.157733627507894,-2.37106571603922,0.0177368771444226,0.262904710136118
"C9",55282.4871375786,-0.372695996339618,0.17904723959304,-2.08155119948638,0.0373834828560318,0.341221682711518
"PLEC",2454.16159582539,-0.372651595489656,0.112171500223264,-3.32215932521128,0.000893236737647259,0.0721953146637924
"LIPG",3793.43331063346,-0.37258445196833,0.143101365882181,-2.60364008178013,0.00922395649406208,0.195938121987326
"KATNAL2",146.047296245923,-0.371409213515299,0.146632936215534,-2.53291806807558,0.011311738927482,0.213710606943499
"SLC12A6",1035.00047210915,-0.370944436711358,0.113608734540343,-3.26510490775368,0.00109423541107679,0.0770833411768765
"SLC22A25",3050.65536009617,-0.37091197033478,0.154485801885416,-2.40094536719879,0.0163527777450435,0.256337913394158
"ZBTB48",899.735040940625,-0.370911244967881,0.101471184693804,-3.65533571020314,0.000256845650141207,0.0477095820296482
"GUCA1B",82.9453669091013,-0.370444361611962,0.15629764745927,-2.37012116070715,0.0177822569167692,0.262904710136118
"SLCO4C1",633.305120375746,-0.370330938569204,0.183196266154672,-2.02149828892547,0.0432282092935504,0.361012197472196
"ACSM3",6551.08577541567,-0.368959769798699,0.133440285414962,-2.76498037044314,0.00569262212952351,0.162063670213187
"NR1I3",4821.02798153843,-0.36887034706249,0.131646670028658,-2.80197248424279,0.00507912054592852,0.152180738382441
"Mar/02",6611.30785256231,-0.368302530254889,0.109014988562161,-3.37845772505752,0.000728936391844467,0.0663612476729175
"AK095179",255.337524053547,-0.368043105382038,0.172497967363571,-2.13360836076589,0.0328748530188161,0.329710148471654
"SUN2",6117.11060394066,-0.367218315823112,0.104986736657595,-3.49775912190473,0.000469184683748683,0.056332761050956
"FNIP2",4468.21092436765,-0.366869281759837,0.154463766025209,-2.3751154798334,0.0175434605940296,0.262223773208179
"DGCR6L",1001.09231732707,-0.366771551895823,0.165922680819936,-2.21049678129209,0.0270707036589757,0.310212150966413
"ALKBH7",554.81202748982,-0.365389429699026,0.170864920677528,-2.1384695480509,0.0324786530988479,0.328734760656573
"AK093551",93.8709742481263,-0.364858842311043,0.121662015773234,-2.99895443941273,0.0027090781434824,0.115094142972718
"TMEM82",525.303259369991,-0.363829482208155,0.164855417875635,-2.2069610261922,0.0273167822953266,0.310212150966413
"GLYCTK",9144.96621897426,-0.363610380637054,0.162237629170691,-2.24122099475763,0.0250117635640281,0.301727037673114
"LOC100289230",63.4249343983418,-0.36195417421805,0.17912416156336,-2.0206887281927,0.0433119973976671,0.361189782866473
"RNF217",300.711042539322,-0.361804347038565,0.11644888005089,-3.10698004893178,0.00189009154263126,0.0991041986387893
"BC071794",264.14346678291,-0.36100888658483,0.142044032844711,-2.54152799913461,0.011036910591022,0.211901009945125
"ADCK5",157.882211517112,-0.360998474360081,0.149995616645261,-2.40672682598347,0.0160962048982404,0.254194453260155
"ATP1A1OS",156.740180551599,-0.360884599808091,0.14892141923676,-2.42332232433499,0.0153792743268768,0.248276754082984
"MIB2",392.497507576411,-0.360443459531201,0.152559108675225,-2.36264791175813,0.018144899083357,0.264081005801498
"ABCA8",4383.72588701044,-0.359481989210655,0.150680960012952,-2.38571607972073,0.0170459052844936,0.259327388235356
"CCDC17",185.421350303288,-0.359367587424918,0.164209617001856,-2.18846858050254,0.0286354874964613,0.313589816476449
"UGT1A4",3707.46050320399,-0.359149137938209,0.159090266234023,-2.25751798925208,0.0239757267064074,0.298659103706435
"AQP11",414.592204869624,-0.359064570462574,0.135226691758398,-2.65527881954027,0.00792428806377971,0.183999544920476
"CHRD",3486.59917623856,-0.357926085663929,0.152851552424903,-2.34165816431456,0.0191982895668691,0.268006221388359
"F11",12557.9429640163,-0.357906535769155,0.109744630206475,-3.26126695306899,0.00110915564436012,0.077216806182365
"PKD2",1023.95529383338,-0.357901614215048,0.163277748729499,-2.19198033412368,0.0283809266701456,0.312948654335281
"IRS1",1490.01080862736,-0.357005298807848,0.0925481523817372,-3.85750865490317,0.000114548624415422,0.0327233820334333
"SMPDL3A",1536.35444968981,-0.356312625163204,0.137257228401927,-2.59594798257053,0.00943303448496341,0.198513194231162
"LLGL2",1078.87198475942,-0.355090266211904,0.139096607269751,-2.55283197183433,0.0106851029905245,0.208771130137455
"TSC2",1855.58731292978,-0.35423120903771,0.0962045478801366,-3.68206302969226,0.000231354191444765,0.0477095820296482
"KIAA1804",253.543758240478,-0.354118648217685,0.138770585519388,-2.55182787398566,0.0107159444421036,0.208885274660252
"FGG",410987.276315125,-0.353915738572444,0.14992782841343,-2.36057403297079,0.0182466758872344,0.264081005801498
"AF339817",412.020474657264,-0.353559746026714,0.178427295832277,-1.98153395968665,0.047531424893637,0.373996791062834
"TMEM14A",1037.69050338427,-0.352414766070379,0.131525016158191,-2.67945046778412,0.0073743112640774,0.180480004925404
"AR",10033.0322462583,-0.351901091968899,0.0995159283492074,-3.53612831439463,0.000406037423669738,0.0562297041394939
"DCAF11",13321.7173431507,-0.349114771524589,0.122539449543001,-2.84899901890028,0.0043857015711585,0.14475436122017
"SLC30A10",1233.23682321253,-0.348970773859571,0.172807379689831,-2.01942055070757,0.0434435273471375,0.361395105299974
"AK299452",46.0488758227983,-0.348966432078216,0.172265742039267,-2.02574480536398,0.0427909426601433,0.35872722427355
"C1orf226",918.725926275971,-0.348158875686255,0.171878906423615,-2.02560560181934,0.0428052170333569,0.35872722427355
"AK095335",66.7567132325293,-0.347569052071213,0.159060452620543,-2.18513808017622,0.0288787238970577,0.315004329328735
"SMG1",6825.55142719941,-0.347065694610945,0.139032725665756,-2.49628778367846,0.0125500737834211,0.224802348667573
"ZFHX4",847.107673440083,-0.346869970390703,0.145644055590505,-2.38162806565871,0.0172362963514719,0.259510673426656
"CNKSR3",1175.61093107503,-0.346829098825418,0.127856014740524,-2.7126537576608,0.00667468077951883,0.170931662806565
"CPN1",1883.17852449424,-0.346643458245591,0.146339187919066,-2.3687671304921,0.017847486753897,0.263109063889569
"IDNK",1034.96805573889,-0.344894669478216,0.139603243753135,-2.47053478275981,0.0134911198293619,0.233822556958888
"LOC100272217",104.011205734086,-0.344874949016278,0.15124884631182,-2.28018234469883,0.0225968760122547,0.2911412431159
"AK130329",979.075410457583,-0.34335472975101,0.173718169161116,-1.97650442327977,0.0480976752660465,0.376700574446616
"SNED1",1263.62197056659,-0.342185840988793,0.101230775639257,-3.38025505413686,0.000724185928103212,0.066293020125647
"WDR27",661.212987231419,-0.341598143155547,0.148994981460001,-2.29268220854306,0.0218663075665186,0.28553465922808
"FGA",613382.181087574,-0.341156390102329,0.153363998323865,-2.22448810562369,0.0261156218929067,0.306452499024002
"MTUS1",4279.78126734035,-0.338123480347276,0.127951989725637,-2.6425808701553,0.00822768142985993,0.187159508336092
"TGDS",667.623774225299,-0.338082293026598,0.131557606380375,-2.56984223359229,0.0101744839062946,0.203600270342264
"MRI1",860.618218561177,-0.337355511142184,0.152029916104086,-2.21900741503545,0.0264862200756414,0.307239576336245
"LOC283335",299.942527811734,-0.336599269581745,0.144689342387207,-2.32635841747737,0.0199994379965528,0.272061320332416
"MLXIPL",13954.4569723257,-0.336474216775297,0.12690960551797,-2.65129038422276,0.0080184868544301,0.185556297054542
"MTMR4",5673.7601720042,-0.336314836552547,0.115213353091751,-2.91906126787856,0.00351087212820821,0.128698319230712
"ZFP1",929.240839777419,-0.336104096515453,0.139016983694929,-2.41771967411571,0.0156181036258977,0.249836943118545
"PIGL",469.306929137754,-0.336069247409948,0.129841501809086,-2.58830376056565,0.00964498856611276,0.200009781666987
"SLC9A7",929.169737171994,-0.335562757724816,0.103912983045081,-3.22926691055762,0.0012410800485064,0.0822151000550181
"ZKSCAN1",7277.90063898258,-0.33478370578572,0.14814840186685,-2.25978614394107,0.0238345267784122,0.297770413985816
"KALRN",953.118247250749,-0.334449422296735,0.131125244502724,-2.5506104760002,0.0107534436724767,0.209369927390442
"CCS",1359.35406833546,-0.334186433357068,0.155889119842217,-2.14374443640015,0.0320533695930994,0.327430506034565
"AX747132",87.2320334729379,-0.334071279311135,0.16104605194579,-2.07438353983112,0.0380437047804166,0.34303652533818
"CTH",2447.96417282327,-0.333903374639218,0.158420290078404,-2.10770586566889,0.0350564396232659,0.337417898494244
"AK022382",85.3286975970223,-0.3336011671409,0.161588791028309,-2.06450685730086,0.0389696844067806,0.346278564894568
"MAMLD1",257.406898486472,-0.331275153487322,0.164597332287519,-2.01263987018118,0.0441525293572572,0.363853017734809
"IFT81",171.073915248937,-0.331155692839674,0.150000495822306,-2.20769732142732,0.0272653796895602,0.310212150966413
"TNFSF10",6876.46703146054,-0.331076761667175,0.153424580047192,-2.15791212571896,0.0309346645578165,0.322362551609095
"NAGS",912.33391906003,-0.33035881686534,0.163579991797806,-2.0195551621844,0.0434295500311593,0.361395105299974
"RCAN1",3183.28365481124,-0.329558481627861,0.134785451075252,-2.44505975236055,0.0144828145235024,0.243850948550852
"ACOX2",11584.3454445908,-0.329310577865809,0.0826048364737194,-3.98657744417397,6.70332542873806e-05,0.0267014640926307
"PLA2G6",499.655670619934,-0.329285154754661,0.126200972986667,-2.60921248831774,0.00907508708887233,0.194019507065194
"BX537921",66.5081419155542,-0.328594485442403,0.163813413983387,-2.00590707105175,0.0448661636944562,0.365509441724561
"SRD5A1",1959.89067485585,-0.326800985071109,0.155284422593514,-2.10453166913318,0.0353320950903332,0.337417898494244
"GREB1L",274.233448255869,-0.326481027845921,0.160076823228382,-2.03952715490943,0.0413974439059117,0.353576819845298
"RAB17",3647.3773485748,-0.326401196622374,0.129636295670986,-2.5178226123552,0.0118082774447815,0.218604859198418
"CYP2E1",263699.421384602,-0.326214812207035,0.140330577750462,-2.32461675449747,0.0200924620984296,0.272782904543954
"LCAT",4597.7387297105,-0.325931786383099,0.158019146798737,-2.06260945579098,0.0391497486341759,0.34669812138945
"C1QTNF6",929.156980639683,-0.324186665573105,0.157855532286022,-2.05369213785744,0.0400054979843235,0.348195306313346
"PAIP2B",1946.33503599921,-0.324147009647101,0.140480572173453,-2.30741521501544,0.0210316838335516,0.278577560322687
"PSD3",5086.27514689167,-0.323764639620167,0.157703597942717,-2.05299462944256,0.04007309837518,0.348195306313346
"TNRC6C",520.242028122863,-0.323505501065693,0.0882766585290924,-3.66467769007227,0.000247650256335214,0.0477095820296482
"MUM1",1929.39683997494,-0.323449457757907,0.0717879463864171,-4.50562349307023,6.61783378930081e-06,0.00670439342075607
"PRKAG2",1839.17911996193,-0.323365189613294,0.117277810460875,-2.75725807245669,0.00582883279436979,0.163691407745615
"SALL1",2138.87214293571,-0.322467963294227,0.14016927700253,-2.30056093739006,0.0214164611471503,0.281626464085026
"RAG1",126.013618768924,-0.322013341462409,0.136063316841798,-2.36664333147793,0.0179502222035748,0.263889863127868
"C8B",32736.0302898631,-0.321713133129417,0.15052207216598,-2.13731533521984,0.0325723523932301,0.328763199036527
"LRP1",21873.2296888451,-0.321707582342314,0.109475652757528,-2.93862218894322,0.00329674678580387,0.125858996692182
"SCN8A",707.510237178558,-0.321463940105869,0.149163574992043,-2.15511018774534,0.0311532126839407,0.324028613283247
"SLC46A1",5070.97984156209,-0.321334092354998,0.0892628202324065,-3.59986488796081,0.000318382571169757,0.0511967960555846
"ATP8A1",258.960383164849,-0.320638297766472,0.149233049120095,-2.14857432490331,0.031668158772295,0.325667305524268
"ITIH4",154482.654765919,-0.319658567790218,0.114075320079034,-2.80217112315574,0.00507599410857431,0.152180738382441
"DEPDC5",731.417287426854,-0.319625359204783,0.0978134296409015,-3.26770424448065,0.00108423602670254,0.0770833411768765
"C11orf1",463.022125137551,-0.319412109573978,0.111130163892755,-2.87421612985493,0.00405031688095439,0.138370516289759
"CCBP2",554.137218265349,-0.318352921666336,0.11481088149156,-2.7728462453251,0.00555683690203225,0.159845886510022
"DUS3L",249.931023661238,-0.31798922567998,0.120638188642318,-2.63589191166315,0.00839164575340757,0.189244476737197
"TTC36",1968.41867708019,-0.317577736643487,0.152817135576214,-2.07815527654033,0.0376950598119321,0.342031805454775
"C1RL",11125.1296834047,-0.317237104238265,0.0999188094786234,-3.1749487998667,0.00149862941575677,0.0891725231313983
"FP15737",797.890157270151,-0.317087364850119,0.115027268496825,-2.75662778916524,0.00584007877718759,0.163729721250797
"ZNF862",950.700284597653,-0.316791084133133,0.0897107872539879,-3.53124851347295,0.000413602956999544,0.0562297041394939
"LRIG1",1605.25750803238,-0.315776950240501,0.158310133190905,-1.99467301224305,0.0460785546817792,0.369743466529606
"REXO1",396.150621182473,-0.315642475790504,0.111947580997195,-2.81955601879789,0.00480901361892761,0.149556953586164
"STK40",1437.09108794336,-0.315038571519892,0.115497543394132,-2.72766469538518,0.00637844075667594,0.166957954024271
"KIAA1958",165.39188120394,-0.314819863837546,0.146289620217081,-2.15203145219997,0.0313948772563458,0.324639397052139
"SMIM14",4632.36232230881,-0.314573746705887,0.119303505759581,-2.63675191020632,0.00837040242440193,0.189207636793882
"C1orf86",222.763615504388,-0.314294887432416,0.134238776306048,-2.34131222051564,0.0192160897464766,0.268006221388359
"LOC729603",229.744791353546,-0.31409565522731,0.14933254354441,-2.10333024384535,0.0354369114632103,0.337417898494244
"AQP3",2524.08176180148,-0.312917225849369,0.129809546081849,-2.41058716630952,0.0159268649890073,0.252287022947287
"PNPLA2",1076.15583290909,-0.312613981151632,0.132562119836833,-2.35824518751223,0.0183615607849049,0.26455017447399
"IL1RN",1064.50059114423,-0.311950708781507,0.150865321773131,-2.06774297177859,0.038664198805347,0.345600245528303
"FPGS",1297.20422512866,-0.3117215179101,0.0968607893614305,-3.21824259295399,0.00128978680043793,0.0828795410014571
"ZNF594",230.107244524211,-0.311687183671755,0.14694807072377,-2.12107026745291,0.0339158896075118,0.332752652197132
"SPATA13",2487.85446738764,-0.311606116508681,0.0977113692346385,-3.1890466682583,0.00142742831275171,0.0871483733015655
"BC038731",271.19298707044,-0.311557861528634,0.118819029778211,-2.6221209019312,0.00873844252392562,0.19081769889175
"CYP3A5",21607.6404653869,-0.310193139869162,0.154153989296702,-2.01222907875663,0.0441957945312077,0.363853017734809
"SLC35A3",1591.1172991839,-0.310003973895472,0.137654818643392,-2.25203866417904,0.0243198287719336,0.300488622611609
"MZF1",415.209236078524,-0.309831567158071,0.0991497440451476,-3.12488519402521,0.00177874466927295,0.0960000665315425
"SHF",539.145793575773,-0.309734549107313,0.142039057326119,-2.18062943346749,0.0292108362789315,0.315063734470984
"PLIN4",1972.88137475244,-0.308898995172497,0.129265434177863,-2.38964884260913,0.016864488802751,0.259327388235356
"CITED2",938.410903340392,-0.308848829989374,0.131910942694256,-2.34134351313996,0.0192144790237405,0.268006221388359
"SLC47A1",6798.11819948864,-0.308562772379744,0.109048049626779,-2.82960377040958,0.0046605683428372,0.148090745225218
"TIAM1",617.638060044683,-0.308304174684818,0.098658162252727,-3.12497382522748,0.00177820881852079,0.0960000665315425
"ZNF254",391.335198226125,-0.308060340359362,0.156000439161723,-1.97474021236569,0.0482976370059419,0.377457169859399
"LOC100216545",136.704202349497,-0.308009779533431,0.152312749736486,-2.02221928280012,0.0431537030535048,0.36075363566777
"FAM126B",863.822508353521,-0.307766319098199,0.138369136336663,-2.22424109339947,0.0261322276184441,0.306452499024002
"CD302",129.606687212028,-0.307005949818473,0.14022468370127,-2.18938593202683,0.0285688012818461,0.313515084538419
"VEGFA",6288.631132181,-0.306908900669187,0.0940872452304335,-3.26196074630012,0.00110644463677967,0.077216806182365
"DQ597730",135.057388723476,-0.306657923771079,0.101276741911186,-3.02792050755345,0.00246242852572342,0.109263423424206
"MOCS1",1630.40886952008,-0.305925104415799,0.108829337368817,-2.81105363509688,0.00493795536391409,0.151745459394324
"LINC00174",561.789042407599,-0.305460744139728,0.142090038328349,-2.14976889114389,0.0315735000542136,0.325336643282503
"ZNF429",349.553564391417,-0.304913235527417,0.118115650844869,-2.58148038254376,0.00983775824409361,0.200972679618005
"PLSCR4",1528.00481210205,-0.304159977055626,0.1530569696682,-1.98723375822081,0.0468964984962433,0.371689874831317
"TCEA3",5198.25924596327,-0.304014692933789,0.117144044145376,-2.59522108146196,0.00945300924910294,0.198513194231162
"ST6GALNAC6",1610.47575245263,-0.303663361833564,0.108869027545962,-2.78925391985672,0.00528296270478819,0.156031032184734
"MKNK2",1061.94733458772,-0.302537082754275,0.121847268127231,-2.48292052340781,0.013031015773354,0.229692447179471
"BZRAP1",427.636484780977,-0.302101069192193,0.139698241028638,-2.16252593424038,0.0305776602997336,0.32065902120651
"AF143870",417.522785023341,-0.301388287630263,0.123305743773942,-2.44423559199968,0.0145159439793471,0.243868521178858
"TFR2",29731.9107341249,-0.301372533751951,0.097428778442514,-3.09325990297384,0.00197970672847415,0.1006188981107
"L3MBTL1",205.374449606645,-0.300888751537457,0.128248290862729,-2.34614238921526,0.0189688593085486,0.26748513181561
"MASP2",5214.16645908577,-0.300417134179867,0.102107913198214,-2.94215330399213,0.00325938525646304,0.125858996692182
"KLF15",4048.96926027266,-0.300304013220091,0.109638678758761,-2.73903349274076,0.00616200956631122,0.164018968809553
"TMEM180",174.959144767337,-0.300072210919661,0.137958633068995,-2.17508831628965,0.0296234988387661,0.316053929336456
"SYT9",383.077581581557,-0.299467147165657,0.139691267619655,-2.14377857878012,0.0320506325138796,0.327430506034565
"SPTBN2",1885.5137641681,-0.299465090088447,0.131725004988839,-2.27341111214094,0.0230014171290789,0.293387590771139
"LINC00662",57.8968900988859,-0.299391604605384,0.125178971177474,-2.3917084618064,0.0167701574455138,0.259327388235356
"BMP1",1542.62734292261,-0.298569188461549,0.0922567321045557,-3.2362861945205,0.00121095905395364,0.0809047603425719
"DNASE1",76.9606222930326,-0.298273711354404,0.135678653592042,-2.19838348522569,0.0279217895643946,0.311916581738133
"GNG7",362.828949258731,-0.297159067287705,0.113085404961828,-2.62774022331184,0.00859541281653598,0.190602495428689
"HECTD4",2356.49292718981,-0.2970026868562,0.108826700560625,-2.72913435146135,0.00635008270674059,0.166478671468331
"IMPA1",1094.15098775058,-0.296228109561878,0.138809868486067,-2.13405655370685,0.0328381517249072,0.329710148471654
"AK024248",447.008548750817,-0.295834442542978,0.138403835180241,-2.13747286813055,0.0325595502029564,0.328763199036527
"RAD52",324.685508812036,-0.295649259876404,0.112282694422744,-2.63307949097914,0.00846145412886656,0.189456531704311
"ACTR3C",318.745700297319,-0.295265589401482,0.127396488649066,-2.31769016974117,0.0204661656618359,0.274800566329789
"ACSM2A",27012.5942785722,-0.294679517611323,0.10294185095539,-2.86258227218999,0.00420204152243914,0.141221439641762
"MTG2",573.703297127318,-0.293881358504648,0.111540610174145,-2.63474763178917,0.00841998604743405,0.189244476737197
"SAT2",5678.09746919842,-0.293778980767968,0.133232548154766,-2.20500909752703,0.0274534561461146,0.310349965838161
"FAM221A",275.881326493798,-0.293569873970407,0.129047073401761,-2.27490532122676,0.0229116100732935,0.292692727297148
"C4BPB",10392.3612518698,-0.293274039561776,0.101949136944256,-2.87667015486489,0.00401895451444252,0.137867613560659
"CENPV",573.919973749816,-0.293220319808825,0.13621014532257,-2.15270543258306,0.0313418362793608,0.324639397052139
"GADD45B",3039.12041949142,-0.292925972621926,0.121348111678439,-2.41393103337407,0.0157814492028001,0.251137526621726
"BCAT2",218.809054290702,-0.292861906468314,0.134335465699023,-2.18007884175924,0.0292516178441,0.315063734470984
"AK125699",165.419438223698,-0.292708502338583,0.13050390743504,-2.24290987213759,0.0249026270264152,0.301727037673114
"NUDT4",888.989399156028,-0.292287370166842,0.106168864412534,-2.75304225757863,0.00590442744275722,0.163986634567212
"DZANK1",63.5301684599949,-0.291637121216328,0.133776464393393,-2.18003310626239,0.0292550076116692,0.315063734470984
"SLC35E2B",1649.13724205907,-0.290218025880354,0.143328170663678,-2.02484985705535,0.0428827837750215,0.359032260923866
"PER1",4411.25909690777,-0.289985589266898,0.109738711408327,-2.64250951688223,0.008229415253758,0.187159508336092
"PMM1",1208.10499573563,-0.289308237456051,0.13880657325873,-2.08425459013956,0.0371370155157374,0.340707936753397
"COL18A1",20457.3408500117,-0.289281161856134,0.138898715475532,-2.08267701300012,0.037280674110321,0.340707936753397
"ACSL5",9285.86328592399,-0.288707392079104,0.138141324017013,-2.08994226842323,0.0366229860174504,0.340138035495032
"TSPYL4",706.599932499839,-0.28855275507091,0.0760117179269931,-3.79616147273577,0.000146953800720784,0.0386488495895662
"PLXNB2",4952.11340919945,-0.288545109534411,0.107570474478454,-2.68238204705703,0.00730999249860814,0.179170511404494
"GCGR",2668.89717524215,-0.2884502196965,0.128742742740556,-2.24051634722269,0.0250574207156862,0.301727037673114
"WBP1L",2794.87937045014,-0.288256757020427,0.136836833809478,-2.10657283565751,0.0351546234455146,0.337417898494244
"MAGI3",817.915125126887,-0.28785402499712,0.13724029722603,-2.09744536273508,0.0359541690197152,0.33804914934523
"ECE1",3492.31633888533,-0.287178847550011,0.119238716522647,-2.40843625229283,0.0160210239463789,0.253294223060642
"GRINA",5810.81787991227,-0.287130824370296,0.124349247908082,-2.30906763973789,0.0209398281293506,0.278229360284852
"CROCCP2",1355.7055231297,-0.286253311841972,0.11818743291891,-2.42202833898907,0.0154341468786677,0.248521263005486
"XAF1",3310.43026967674,-0.286145850847854,0.142915227406893,-2.00220687494112,0.0452624865982657,0.366725741049713
"YPEL1",263.027909729577,-0.285814398856921,0.118624332072391,-2.40940786652861,0.0159784298806668,0.252862086621554
"AZGP1",63879.0708098239,-0.285382984123577,0.139226043933009,-2.04978160739016,0.0403857472151658,0.349098737966894
"BC041646",90.5596918597769,-0.283939313614899,0.12731235696986,-2.2302573008064,0.0257303661319211,0.305610348702366
"AKR1C4",12893.4365956269,-0.283756160987986,0.112560841083792,-2.52091365217103,0.011705057127512,0.217505999442884
"C1R",85299.044002408,-0.282925879774809,0.112214691379735,-2.52129089601455,0.0116925146370231,0.217505999442884
"LOC257396",192.266112478923,-0.282035888028921,0.130629754740452,-2.15904782634935,0.0308464567065664,0.321645652090056
"MAST2",1039.55784378407,-0.281314207311834,0.0827369040893434,-3.40010555637973,0.000673598440840275,0.0641428308407041
"SELENBP1",15115.2381063776,-0.280689157424092,0.127446220892362,-2.2024125584795,0.0276361795811306,0.311287463956325
"LINC00667",1419.18051804271,-0.280497421228424,0.141421640239014,-1.98341230348029,0.0473213939383229,0.373569114785614
"FLJ00285",305.321644996845,-0.278730746570078,0.127685130480735,-2.18295384529628,0.0290392091232938,0.315063734470984
"ZNF573",85.7721339388716,-0.278155515957866,0.140681753547667,-1.97719682150264,0.0480193867621871,0.376533417989081
"C5orf45",222.886677873132,-0.277405633023977,0.094784738852667,-2.92669090385083,0.0034258917785313,0.127845947924516
"LRP5",3408.1730142216,-0.275913917854258,0.107149128508823,-2.57504584212776,0.0100226801766375,0.202430018953396
"LOC646719",162.335598866485,-0.275790267971948,0.118225479316215,-2.33274814842828,0.0196613675245085,0.270737537076233
"ZFP36L1",4091.59300417103,-0.275720038797985,0.0919089890054383,-2.99992461870809,0.00270046429573275,0.115023118035979
"HPN",13548.6523760819,-0.275249341314617,0.122518225018427,-2.24659915921258,0.0246656559640785,0.301494142598685
"PMS2CL",247.024185037909,-0.274821431372206,0.134636812934561,-2.04120571025237,0.0412303843757987,0.353174337960374
"ARHGAP32",1232.88700079353,-0.274590195114574,0.125067209507696,-2.1955410710405,0.0281248081125403,0.312671320721441
"ADHFE1",3094.63841726767,-0.274153755060997,0.137711698241517,-1.99078043885706,0.0465050308033311,0.370987893779679
"SSBP3",1271.44320220598,-0.27401251700013,0.121881125113307,-2.24819484350341,0.024563768350116,0.301482386703046
"TEC",183.699269341741,-0.273703110049284,0.103348305586586,-2.64835604701786,0.00808842884223798,0.18587680650075
"LYNX1",1826.16281827934,-0.273495693265439,0.131267950689991,-2.08349175733946,0.0372064222500281,0.340707936753397
"RPH3AL",490.147445211439,-0.2731363182402,0.112004915863645,-2.43861009254912,0.0147438668887737,0.245026209107414
"IVNS1ABP",2760.52806414682,-0.273124641072947,0.13840641214395,-1.97335251194058,0.0484554140062376,0.377825839426649
"SOWAHC",1070.48313657964,-0.272900122173761,0.132784349428342,-2.05521300777267,0.0398584352832764,0.348195306313346
"ASL",7027.36274484546,-0.272763437770395,0.1342264388799,-2.03211409053661,0.042142107244677,0.356797432262163
"SS18L1",2170.08161327783,-0.272516973742824,0.0961308237330381,-2.83485528533098,0.00458464482138757,0.147215077607695
"C6",41262.2146702316,-0.272457250432474,0.11198537843924,-2.43297164531439,0.0149754735708419,0.246303883713678
"PLEKHG3",1367.27754765167,-0.272376154344554,0.123621659421908,-2.20330446637155,0.0275732963942121,0.31094111590491
"IFT140",231.837577106207,-0.271902176703026,0.109968540383197,-2.4725451093154,0.0134154781754984,0.233130619088276
"MPST",4351.99492148405,-0.27188274327519,0.116716638087085,-2.32942575909642,0.0198365217676303,0.271180964659956
"C19orf44",161.314063857911,-0.271751114436736,0.121257316689617,-2.24111106740337,0.0250188814857633,0.301727037673114
"RAB37",841.401212766951,-0.271567325676775,0.115108612860729,-2.35922681133641,0.0183130590660825,0.264081005801498
"L2HGDH",908.140096994197,-0.271434576001966,0.130319436919175,-2.08284030700893,0.0372657821849562,0.340707936753397
"ZNF281",1100.26220982759,-0.271155122341754,0.118163234460355,-2.29475033905517,0.0217474361258821,0.285073788900112
"UCKL1",610.716220567181,-0.270598160216874,0.0946781896141615,-2.85808338033958,0.00426208381291581,0.142176511405669
"ZNF839",475.50027650784,-0.270368025827564,0.0740351324640376,-3.65188818914985,0.000260319228673538,0.0477095820296482
"RGS12",811.833066493208,-0.27005918770406,0.105145585836445,-2.56843105258018,0.0102160032651395,0.204124828657344
"ZNF764",170.062661182602,-0.269358759795278,0.0847109977834659,-3.17973777718684,0.00147408377391166,0.0881736247290335
"ERICH1",277.877253659709,-0.269064120111084,0.12027503202585,-2.23707377648635,0.0252815185557411,0.302665809935025
"RPS6KA2",609.093144328445,-0.268753848791629,0.0916889191181995,-2.93114862053471,0.00337711172963803,0.127521474926471
"CYB5RL",193.280307803938,-0.268642839182289,0.117884610433544,-2.27886267931244,0.0226752295404315,0.291244866864658
"ZNF485",73.3338208121632,-0.268308288109175,0.118728514215758,-2.25984709638995,0.0238307422658268,0.297770413985816
"AHCY",5751.45271298809,-0.268007314892976,0.110903539151245,-2.41658036293575,0.0156670674104414,0.250157656204884
"ZNF213",100.704402739125,-0.267797864293367,0.127375007234855,-2.102436499176,0.0355150567428521,0.337417898494244
"TTC38",6723.79098568265,-0.267524700940172,0.0738792106328352,-3.62110935740388,0.000293342479359355,0.0490948640455066
"ZNF585A",163.432058223768,-0.267258179880553,0.0939123128888221,-2.84582683206777,0.00442962763814876,0.145346872176083
"STX1B",333.507909561898,-0.266279817388747,0.111465548706217,-2.38889791939719,0.0168989970557291,0.259327388235356
"TRIM16",165.832494674703,-0.266180948447188,0.0983210184317866,-2.70726394714738,0.00678402964186621,0.17293013405551
"MAPK8IP1",211.401344097785,-0.266152149497102,0.110618621002501,-2.40603387644008,0.0161267692004479,0.254194453260155
"TRMT10A",288.619263068992,-0.26475342568596,0.128732269424083,-2.05662051069558,0.0397227437068506,0.348195306313346
"PCDH1",1232.61121231306,-0.264552547914005,0.124047592285139,-2.13266975231489,0.0329518268929692,0.329710148471654
"E4F1",206.986009736773,-0.264497481472586,0.129903090200387,-2.03611385275419,0.0417389240214789,0.355198886549504
"MYO9A",663.011010865399,-0.264011697426532,0.132371284554817,-1.99447862362627,0.046099773780092,0.369743466529606
"CDO1",10560.4519697777,-0.263670997116588,0.104641495900176,-2.51975561748583,0.0117436337022825,0.217895035624992
"SMLR1",2470.84090345611,-0.263619936143652,0.107922148026136,-2.44268614890624,0.014578409171912,0.244236260434185
"ZNF175",266.770384911171,-0.263601442472715,0.0965183921355875,-2.73110063937256,0.00631231925866164,0.165894890724198
"SIPA1L1",1545.72102863785,-0.263151767960641,0.0681693163448381,-3.86026708305938,0.000113263158096636,0.0327233820334333
"RARA",622.641945387484,-0.262991888963444,0.127947778576939,-2.05546271993537,0.0398343329007944,0.348195306313346
"RHOB",14149.0258174276,-0.262302072909342,0.116977982525901,-2.24232002677309,0.0249406963273838,0.301727037673114
"MCFD2",6925.84432774062,-0.261335560832187,0.11055010155235,-2.36395586401549,0.0180809665028577,0.263889863127868
"HPD",50370.0943584547,-0.260502231317988,0.116244168645599,-2.24099182224097,0.0250266047292971,0.301727037673114
